-- phpMyAdmin SQL Dump
-- version 4.7.4
-- https://www.phpmyadmin.net/
--
-- Host: 127.0.0.1
-- Generation Time: 19-Out-2019 às 16:30
-- Versão do servidor: 10.1.28-MariaDB
-- PHP Version: 7.1.10

SET SQL_MODE = "NO_AUTO_VALUE_ON_ZERO";
SET AUTOCOMMIT = 0;
START TRANSACTION;
SET time_zone = "+00:00";


/*!40101 SET @OLD_CHARACTER_SET_CLIENT=@@CHARACTER_SET_CLIENT */;
/*!40101 SET @OLD_CHARACTER_SET_RESULTS=@@CHARACTER_SET_RESULTS */;
/*!40101 SET @OLD_COLLATION_CONNECTION=@@COLLATION_CONNECTION */;
/*!40101 SET NAMES utf8mb4 */;

--
-- Database: `casadaslinhas`
--

-- --------------------------------------------------------

--
-- Estrutura da tabela `codigos_barras_produtos`
--

CREATE TABLE `codigos_barras_produtos` (
  `id` int(11) NOT NULL,
  `st_codigo_barra` varchar(200) NOT NULL,
  `produto_id` int(11) NOT NULL
) ENGINE=InnoDB DEFAULT CHARSET=latin1;

--
-- Extraindo dados da tabela `codigos_barras_produtos`
--

INSERT INTO `codigos_barras_produtos` (`id`, `st_codigo_barra`, `produto_id`) VALUES
(4, '7899452717948', 367),
(6, '7898147024163', 372),
(7, '7899452718693', 373),
(8, '7899452718716', 375),
(9, '7899452718723', 376),
(10, '7899452718730', 377),
(11, '7899452717856', 382),
(12, '7899452722621', 383),
(13, '7899452715906', 384),
(14, '7899452715913', 386),
(15, '7898493509352', 389),
(16, '7898493509376', 390),
(43, '7899452718686', 371),
(44, '7898493509383', 391),
(45, '7898493509390', 392),
(46, '7899452709622', 397),
(47, '7899452709660', 400),
(48, '7899452710048', 402),
(49, '7899452710673', 403),
(50, '7899452721020', 417),
(51, '7899452721167', 418),
(52, '7899452721075', 422),
(53, '7899452721129', 432),
(54, '7899452721150', 433),
(55, '7898147024057', 434),
(56, '7898147024064', 435),
(57, '7898147024071', 436),
(58, '7898147024095', 438),
(59, '7898147024101', 439),
(60, '7898147024163', 443),
(61, '7898147024187', 445),
(62, '7898147024194', 446),
(63, '7898147024200', 447),
(64, '7898147024217', 448),
(65, '7898147024231', 450),
(66, '7898147025672', 453),
(67, '7898147025696', 454),
(68, '7898147025740', 458),
(69, '7898493505019', 461),
(70, '7898493507433', 463),
(71, '7898147024309', 465),
(72, '7898147024316', 466),
(73, '789814702347', 469),
(74, '7898147024361', 471),
(75, '7898493500069', 473),
(76, '7898493500090', 475),
(77, '7898493500151', 476),
(78, '7898493500182', 478),
(80, '7898493500212', 480),
(81, '7898493500243', 482),
(82, '7899452710062', 486),
(83, '7899452710079', 487),
(84, '7899452710116', 490),
(85, '7899452710123', 491),
(86, '7896011700854', 492),
(87, '7898451136712', 493),
(88, '789845113662', 494),
(89, '7898451138662', 498),
(90, '7898632540888', 500),
(91, '7898632540925', 501),
(92, '7898451137870', 506),
(93, '7898451138679', 510),
(94, '7898451137863', 511),
(95, '7898451138754', 513),
(96, '7898632540901', 516),
(97, '7898632542714', 518),
(98, '7898451138761', 521),
(99, '7898451138655', 524),
(100, '7898451138747', 527),
(101, '7898451138778', 529),
(102, '7898451138471', 533),
(103, '7898451138488', 534),
(104, '7898451138648', 535),
(105, '7898632541236', 537),
(106, '7898451135395', 538),
(107, '7898632541175', 540),
(108, '7898451135388', 541),
(109, '7898451138617', 542),
(110, '7898451138518', 543),
(111, '7898632542578', 544),
(112, '7898632541182', 545),
(113, '7898632541199', 547),
(114, '7898632542592', 548),
(115, '7898451138525', 549),
(116, '7898632541205', 552),
(117, '7898632541229', 554),
(118, '7898632542585', 555),
(119, '7898632542196', 557),
(120, '7898632542202', 558),
(121, '7898632542219', 559),
(122, '7898632542226', 560),
(123, '7898632542233', 562),
(124, '7898632542240', 564),
(125, '7898632544954', 566),
(126, '7898632542264', 568),
(127, '7898632542561', 569),
(128, '7898632544930', 570),
(129, '7898632542271', 572),
(130, '7898632544947', 573),
(131, '7898632542288', 574),
(132, '7898632542301', 576),
(133, '7898632542325', 579),
(134, '7898632544961', 580),
(135, '7898632542332', 581),
(136, '7898451130154', 582),
(137, '7898451130178', 584),
(138, '7898451130246', 593),
(139, '7898451130291', 599),
(140, '7898451130376', 602),
(141, '7898451130406', 606),
(142, '7898451130413', 608),
(143, '7898632542431', 609),
(144, '7898632542165', 626),
(145, '7898632541267', 640),
(146, '7898451134329', 644),
(147, '7898451134336', 645),
(148, '7898451134343', 646),
(149, '7898451134350', 647),
(150, '7898632541731', 648),
(151, '7898632541748', 649),
(152, '7898451134367', 650),
(153, '7898451134374', 651),
(154, '7898451134381', 652),
(155, '7898451134398', 653),
(156, '7898451134404', 654),
(157, '7898451134411', 655),
(158, '7898451134435', 657),
(159, '7898451134459', 658),
(160, '7898632541762', 660),
(161, '7898451134473', 661),
(162, '7898451134497', 663),
(163, '7898451134480', 662),
(164, '7898451134503', 664),
(165, '7898451134510', 665),
(166, '7898451134541', 668),
(167, '7898451134558', 669),
(168, '7898451134565', 670),
(169, '7898451134572', 671),
(170, '7898451134428', 678),
(171, '7898632541724', 677),
(172, '7898451133971', 682),
(173, '7898451130147', 683),
(174, '7898451131564', 684),
(175, '7898451133933', 685),
(176, '7898451134008', 686),
(177, '7898451133995', 687),
(178, '7898451133803', 692),
(180, '7898451133841', 698),
(181, '7898451133834', 696),
(182, '7898451133865', 700),
(183, '7898451133872', 701),
(184, '7898451133896', 704),
(185, '7898451133964', 707),
(186, '7898451133704', 709),
(187, '7898451133711', 710),
(188, '7898451137160', 712),
(189, '7898451133797', 713),
(191, '7898493501837', 40),
(192, '7898493501400', 6),
(193, '7898493501417', 7),
(194, '7898493501530', 18),
(195, '7898493501592', 24),
(198, '7898493501622', 27),
(199, '7898493501684', 30),
(200, '7898493501707', 714),
(202, '7898493501721', 34),
(203, '7898493501745', 35),
(204, '7898493501776', 36),
(205, '7898493501837', 715),
(206, '7898493501844', 41),
(207, '7898493504968', 42),
(208, '7898493505514', 43),
(209, '7898493506962', 46),
(210, '7898493507204', 48),
(211, '7899452718433', 54),
(212, '7898493501578', 716),
(213, '7898493501547', 19),
(214, '7898493501363', 717),
(215, '7898493501370', 718),
(216, '7898493501462', 719),
(217, '7898493501554', 720),
(219, '7898493501455', 722),
(220, '7898493501486', 723),
(221, '7898632541786', 725),
(222, '7898632541793', 726),
(223, '7898632541823', 729),
(224, '7898451137535', 743),
(225, '7898451137597', 753),
(226, '7898451137610', 759),
(227, '7898451131397', 768),
(228, '7898451136644', 770),
(229, '7898451131908', 779),
(230, '7898451131915', 784),
(231, '7898451136712', 786),
(232, '7898451136729', 788),
(233, '7898451136736', 789),
(234, '7898451131939', 792),
(235, '7898451130352', 793),
(236, '7898451136750', 796),
(237, '7898451131854', 802),
(238, '7898451135272', 805),
(239, '7899452718532', 110),
(240, '7899452718525', 154),
(241, '7899452715180', 138),
(242, '7898493506283', 109),
(243, '7898493506399', 132),
(244, '7898493506306', 116),
(245, '7899452710833', 142),
(247, '7898493506276', 108),
(248, '7899452710840', 141),
(249, '123437899452720412', 809),
(250, '7899452720450', 810),
(251, '7899452720429', 812),
(252, '7899452720436', 813),
(253, '7899452720443', 818),
(254, '7899452720627', 819),
(255, '7899452720634', 820),
(256, '7899452720498', 822),
(257, '7899452720597', 824),
(258, '7899452720603', 827),
(259, '7899452720474', 828),
(260, '7899452720580', 830),
(261, '7898493500922', 60),
(262, '7898493500878', 831),
(263, '7898493500915', 835),
(264, '7898493501431', 721),
(265, '7898147021940', 721),
(267, '7898493501349', 93),
(268, '7898493500991', 66),
(269, '7898493501288', 89),
(270, '7898493501356', 94),
(271, '7898493506979', 99),
(272, '7898493500885', 832),
(273, '7898147024699', 155),
(274, '7898147024705', 156),
(276, '7898147022794', 217),
(277, '7898147022862', 223),
(278, '7898147022992', 843),
(279, '7898147022817', 219),
(280, '7898147022909', 225),
(281, '7898147022930', 844),
(282, '7898147022800', 218),
(283, '7898147024880', 845),
(285, '7898147022848', 221),
(286, '7898147022947', 846),
(287, '7898147023005', 847),
(288, '7898147023395', 848),
(289, '7898493500281', 849),
(290, '7898493500274', 850),
(291, '7898147022954', 851),
(292, '7898147023371', 239),
(293, '7898147023289', 852),
(294, '7898147022985', 233),
(295, '7898147022978', 232),
(296, '7898147022831', 853),
(297, '7898147022886', 854),
(298, '7898147023357', 855),
(299, '7899452715296', 856),
(301, '7898147027478', 256),
(302, '7898493500311', 258),
(304, '7898493507396', 260),
(305, '7898147023333', 253),
(306, '7898147023340', 857),
(307, '7898147023241', 858),
(308, '7899452715326', 859),
(309, '7899452715319', 860),
(310, '7898147023302', 250),
(311, '7898147023197', 861),
(312, '7898147123234', 862),
(313, '7898493507389', 863),
(314, '7898147027003', 864),
(315, '', 199),
(316, '', 199),
(317, '7898147029939', 199),
(318, '7898147026952', 865),
(319, '7898147026945', 866),
(320, '7898493505101', 867),
(321, '7898147027607', 868),
(322, '7898147027638', 869),
(323, '7898147029052', 870),
(324, '7898493505156', 871);

-- --------------------------------------------------------

--
-- Estrutura da tabela `estoques`
--

CREATE TABLE `estoques` (
  `id` int(11) NOT NULL,
  `produto_id` int(11) NOT NULL,
  `nr_quantidade` int(11) NOT NULL
) ENGINE=InnoDB DEFAULT CHARSET=latin1;

-- --------------------------------------------------------

--
-- Estrutura da tabela `itens_notas`
--

CREATE TABLE `itens_notas` (
  `id` int(11) NOT NULL,
  `nota_id` int(11) NOT NULL,
  `produto_id` int(11) NOT NULL,
  `nr_quantidade` int(11) NOT NULL,
  `vl_valor_unitario` decimal(10,2) NOT NULL,
  `vl_valor_total` decimal(10,2) NOT NULL
) ENGINE=InnoDB DEFAULT CHARSET=latin1;

-- --------------------------------------------------------

--
-- Estrutura da tabela `marcas`
--

CREATE TABLE `marcas` (
  `id` int(11) NOT NULL,
  `st_marca` varchar(25) NOT NULL
) ENGINE=InnoDB DEFAULT CHARSET=latin1;

--
-- Extraindo dados da tabela `marcas`
--

INSERT INTO `marcas` (`id`, `st_marca`) VALUES
(12, 'CIRCULO'),
(13, 'EUROFIOS'),
(14, 'ENOVELAR'),
(15, 'CORFIX'),
(16, 'SPACCHI'),
(17, 'PROGRESSO');

-- --------------------------------------------------------

--
-- Estrutura da tabela `notas_fiscais`
--

CREATE TABLE `notas_fiscais` (
  `id` int(11) NOT NULL,
  `nr_nota` int(11) NOT NULL,
  `st_nome_empresa` varchar(100) NOT NULL,
  `st_cnpj` varchar(15) NOT NULL,
  `vl_valor_total_nota` decimal(10,2) NOT NULL,
  `dt_compra` date NOT NULL,
  `dt_emissao_nota` date NOT NULL,
  `st_observacao` varchar(200) DEFAULT NULL,
  `st_situacao` char(2) DEFAULT 'S'
) ENGINE=InnoDB DEFAULT CHARSET=latin1;

--
-- Extraindo dados da tabela `notas_fiscais`
--

INSERT INTO `notas_fiscais` (`id`, `nr_nota`, `st_nome_empresa`, `st_cnpj`, `vl_valor_total_nota`, `dt_compra`, `dt_emissao_nota`, `st_observacao`, `st_situacao`) VALUES
(92, 165660, 'EUROFIOS', '07185774000171', '100.00', '2019-07-20', '2019-07-31', '', 'C'),
(93, 112622, 'ENOVELAR', '02633138000153', '1956.91', '2019-08-21', '2019-08-21', '', 'S');

-- --------------------------------------------------------

--
-- Estrutura da tabela `nr_notas_vendas`
--

CREATE TABLE `nr_notas_vendas` (
  `id` int(11) NOT NULL,
  `nr_nota` int(11) NOT NULL,
  `venda_id` int(11) NOT NULL
) ENGINE=InnoDB DEFAULT CHARSET=latin1;

-- --------------------------------------------------------

--
-- Estrutura da tabela `produtos`
--

CREATE TABLE `produtos` (
  `id` int(11) NOT NULL,
  `st_produto` varchar(80) NOT NULL,
  `vl_valor_venda` decimal(10,2) NOT NULL,
  `marca_id` int(11) NOT NULL,
  `tipo_produto_id` int(11) NOT NULL,
  `st_observacao` varchar(200) NOT NULL,
  `st_tamanho` varchar(25) DEFAULT NULL,
  `st_medida` varchar(5) DEFAULT NULL
) ENGINE=InnoDB DEFAULT CHARSET=latin1;

--
-- Extraindo dados da tabela `produtos`
--

INSERT INTO `produtos` (`id`, `st_produto`, `vl_valor_venda`, `marca_id`, `tipo_produto_id`, `st_observacao`, `st_tamanho`, `st_medida`) VALUES
(2, 'SUPREMO PREDILETO N.6 CRU', '13.00', 14, 7, '', '627', 'M'),
(3, 'SUPREMO PREDILETO CORES N.6 00002', '13.00', 14, 7, '', '627', 'M'),
(4, 'SUPREMO PREDILETO CORES N.6 00003', '13.00', 14, 7, '', '627', 'M'),
(5, 'SUPREMO PREDILETO CORES N.6  00004', '13.00', 14, 7, '', '627', 'M'),
(6, 'SUPREMO PREDILETO CORES N.6  00005', '13.00', 14, 7, '', '627', 'M'),
(7, 'SUPREMO PREDILETO CORES N.6  00006', '13.00', 14, 7, '', '627', 'M'),
(8, 'SUPREMO PREDILETO CORES N.6 00007', '13.00', 14, 7, '', '627', 'M'),
(9, 'SUPREMO PREDILETO CORES N.6 00008', '13.00', 14, 7, '', '627', 'M'),
(10, 'SUPREMO PREDILETO CORES N.6 00010', '13.00', 14, 7, '', '627', 'M'),
(11, 'SUPREMO PREDILETO CORES N.6 00011', '13.00', 14, 7, '', '627', 'M'),
(12, 'SUPREMO PREDILETO CORES N.6 00012', '13.00', 14, 7, '', '627', 'M'),
(13, 'SUPREMO PREDILETO CORES N.6 00013', '13.00', 14, 7, '', '627', 'M'),
(14, 'SUPREMO PREDILETO CORES N.6 00015', '13.00', 14, 7, '', '627', 'M'),
(15, 'SUPREMO PREDILETO CORES N.6 00016', '13.00', 14, 7, '', '627', 'M'),
(16, 'SUPREMO PREDILETO CORES N.6 00017', '13.00', 14, 7, '', '627', 'M'),
(17, 'SUPREMO PREDILETO CORES N.6  00018', '13.00', 14, 7, '', '627', 'M'),
(18, 'SUPREMO PREDILETO CORES N.6  00019', '13.00', 14, 7, '', '627', 'M'),
(19, 'SUPREMO PREDILETO CORES N.6  00020', '13.00', 14, 7, '', '627', 'M'),
(20, 'SUPREMO PREDILETO N.6 00021', '13.00', 14, 7, '', '627', 'M'),
(21, 'SUPREMO PREDILETO N.6 00022', '13.00', 14, 7, '', '627', 'M'),
(22, 'SUPREMO PREDILETO N.6 00023', '13.00', 14, 7, '', '627', 'M'),
(23, 'SUPREMO PREDILETO CORES N.6  00024', '13.00', 14, 7, '', '627', 'M'),
(24, 'SUPREMO PREDILETO CORES N.6  00025', '13.00', 14, 7, '', '627', 'M'),
(25, 'SUPREMO PREDILETO CORES N.6  00027', '13.00', 14, 7, '', '627', 'M'),
(26, 'SUPREMO PREDILETO CORES N.6  00028', '13.00', 13, 7, '', '627', 'M'),
(27, 'SUPREMO PREDILETO CORES N.6  00029', '13.00', 14, 7, '', '627', 'M'),
(28, 'SUPREMO PREDILETO CORES N.6  00031', '13.00', 14, 7, '', '627', 'M'),
(29, 'SUPREMO PREDILETO CORES N.6  00033', '13.00', 14, 6, '', '627', 'M'),
(30, 'SUPREMO PREDILETO CORES N.6  00036', '13.00', 14, 7, '', '627', 'M'),
(31, 'SUPREMO PREDILETO CORES N.6  00037', '13.00', 13, 7, '', '627', 'M'),
(32, 'SUPREMO PREDILETO CORES N.6  00038', '13.00', 14, 7, '', '627', 'M'),
(33, 'SUPREMO PREDILETO CORES N.6  00039', '13.00', 14, 7, '', '627', 'M'),
(34, 'SUPREMO PREDILETO CORES N.6  00040', '13.00', 14, 7, '', '627', 'M'),
(35, 'SUPREMO PREDILETO CORES N.6  00042', '13.00', 14, 6, '', '627', 'M'),
(36, 'SUPREMO PREDILETO CORES N.6  00046', '13.00', 14, 7, '', '627', 'M'),
(37, 'SUPREMO PREDILETO CORES N.6  00047', '13.00', 14, 7, '', '627', 'M'),
(38, 'SUPREMO PREDILETO CORES N.6  00048', '13.00', 14, 7, '', '627', 'M'),
(39, 'SUPREMO PREDILETO CORES N.6  00054', '13.00', 14, 7, '', '627', 'M'),
(40, 'SUPREMO PREDILETO CORES N.6  00074', '13.00', 13, 7, '', '627', 'M'),
(41, 'SUPREMO PREDILETO CORES N.6  00075', '13.00', 14, 7, '', '627', 'M'),
(42, 'SUPREMO PREDILETO CORES N.6  00109', '13.00', 14, 7, '', '627', 'M'),
(43, 'SUPREMO PREDILETO CORES N.6  00110', '13.00', 14, 7, '', '627', 'M'),
(44, 'SUPREMO PREDILETO CORES N.6  00111', '13.00', 14, 7, '', '627', 'M'),
(45, 'SUPREMO PREDILETO CORES N.6  00112', '13.00', 14, 7, '', '627', 'M'),
(46, 'SUPREMO PREDILETO CORES N.6  00113', '13.00', 14, 7, '', '627', 'M'),
(47, 'SUPREMO PREDILETO CORES N.6  00114', '13.00', 14, 7, '', '627', 'M'),
(48, 'SUPREMO PREDILETO CORES N.6  00115', '13.00', 14, 7, '', '627', 'M'),
(49, 'SUPREMO PREDILETO CORES N.6  00116', '13.00', 13, 7, '', '627', 'M'),
(50, 'SUPREMO PREDILETO CORES N.6  00150', '13.00', 14, 7, '', '627', 'M'),
(51, 'SUPREMO PREDILETO CORES N.6  00151', '13.00', 14, 7, '', '627', 'M'),
(52, 'SUPREMO PREDILETO CORES N.6  00152', '13.00', 14, 7, '', '627', 'M'),
(53, 'SUPREMO PREDILETO CORES N.6  00153', '13.00', 14, 7, '', '627', 'M'),
(54, 'SUPREMO PREDILETO CORES N.6  00154', '13.00', 14, 7, '', '627', 'M'),
(55, 'SUPREMO PREDILETO CORES N.4 00001', '13.00', 14, 7, '', '940', 'M'),
(56, 'SUPREMO PREDILETO CORES N.4 00002', '13.00', 14, 7, '', '940', 'M'),
(57, 'SUPREMO PREDILETO CORES N.4 00003', '13.00', 14, 7, '', '940', 'M'),
(58, 'SUPREMO PREDILETO CORES N.4 00004', '13.00', 14, 7, '', '940', 'M'),
(59, 'SUPREMO PREDILETO CORES N.4 00005', '13.00', 14, 7, '', '940', 'M'),
(60, 'SUPREMO PREDILETO CORES N.4  00006', '13.00', 14, 7, '', '940', 'CM'),
(61, 'SUPREMO PREDILETO CORES N.4  00007', '13.00', 14, 6, '', '940', 'M'),
(62, 'SUPREMO PREDILETO CORES N.4 00008', '13.00', 13, 7, '', '940', 'M'),
(63, 'SUPREMO PREDILETO CORES N.4 00010', '13.00', 14, 7, '', '940', 'M'),
(64, 'SUPREMO PREDILETO CORES N.4  00011', '13.00', 14, 7, '', '940', 'M'),
(65, 'SUPREMO PREDILETO CORES N.4  00012', '13.00', 14, 7, '', '940', 'M'),
(66, 'SUPREMO PREDILETO CORES N.4  00013', '13.00', 14, 7, '', '940', 'M'),
(67, 'SUPREMO PREDILETO CORES N.4  00015', '13.00', 13, 7, '', '940', 'M'),
(68, 'SUPREMO PREDILETO CORES N.4  00016', '13.00', 14, 7, '', '940', 'M'),
(69, 'SUPREMO PREDILETO CORES N.4  00017', '13.00', 14, 7, '', '940', 'M'),
(70, 'SUPREMO PREDILETO CORES N.4  00018', '13.00', 14, 7, '', '940', 'M'),
(71, 'SUPREMO PREDILETO CORES N.6  00019', '13.00', 14, 7, '', '940', 'M'),
(72, 'SUPREMO PREDILETO CORES N.4  00020', '13.00', 14, 7, '', '940', 'M'),
(73, 'SUPREMO PREDILETO CORES N.4  00021', '13.00', 14, 7, '', '940', 'M'),
(74, 'SUPREMO PREDILETO CORES N.4  00022', '13.00', 14, 7, '', '940', 'M'),
(75, 'SUPREMO PREDILETO CORES N.4  00023', '13.00', 14, 7, '', '940', 'M'),
(76, 'SUPREMO PREDILETO CORES N.4 00024', '13.00', 14, 7, '', '940', 'M'),
(77, 'SUPREMO PREDILETO CORES N.4 00025', '13.00', 14, 7, '', '940', 'M'),
(78, 'SUPREMO PREDILETO CORES N.4 00027', '13.00', 14, 7, '', '940', 'M'),
(79, 'SUPREMO PREDILETO CORES N.4 00028', '13.00', 14, 7, '', '940', 'M'),
(80, 'SUPREMO PREDILETO CORES N.4 00029', '13.00', 14, 7, '', '940', 'M'),
(81, 'SUPREMO PREDILETO CORES N.4  00031', '13.00', 14, 7, '', '940', 'M'),
(82, 'SUPREMO PREDILETO CORES N.4  00033', '13.00', 14, 7, '', '940', 'M'),
(83, 'SUPREMO PREDILETO CORES N.4  00036', '13.00', 14, 7, '', '940', 'M'),
(84, 'SUPREMO PREDILETO CORES N.4  00037', '13.00', 14, 7, '', '940', 'M'),
(85, 'SUPREMO PREDILETO CORES N.4  00038', '13.00', 14, 7, '', '940', 'M'),
(86, 'SUPREMO PREDILETO CORES N.4  00039', '13.00', 14, 7, '', '940', 'M'),
(87, 'SUPREMO PREDILETO CORES N.4  00040', '13.00', 14, 7, '', '940', 'M'),
(88, 'SUPREMO PREDILETO CORES N.4  00042', '13.00', 14, 7, '', '940', 'M'),
(89, 'SUPREMO PREDILETO CORES N.4  00046', '13.00', 14, 7, '', '940', 'M'),
(90, 'SUPREMO PREDILETO CORES N.4  00047', '13.00', 14, 7, '', '940', 'M'),
(91, 'SUPREMO PREDILETO CORES N.4  00048', '13.00', 14, 7, '', '940', 'M'),
(92, 'SUPREMO PREDILETO CORES N.4  00054', '13.00', 14, 7, '', '940', 'M'),
(93, 'SUPREMO PREDILETO CORES N.4  00074', '13.00', 14, 7, '', '940', 'M'),
(94, 'SUPREMO PREDILETO CORES N.4  00075', '13.00', 14, 7, '', '940', 'M'),
(95, 'SUPREMO PREDILETO CORES N.4  00109', '13.00', 14, 7, '', '940', 'M'),
(96, 'SUPREMO PREDILETO CORES N.4  00110', '13.00', 14, 7, '', '940', 'M'),
(97, 'SUPREMO PREDILETO CORES N.4  00111', '13.00', 14, 7, '', '940', 'M'),
(98, 'SUPREMO PREDILETO CORES N.4  00112', '13.00', 14, 7, '', '940', 'M'),
(99, 'SUPREMO PREDILETO CORES N.4  00113', '13.00', 14, 7, '', '940', 'M'),
(100, 'SUPREMO PREDILETO CORES N.4  00114', '13.00', 14, 7, '', '940', 'M'),
(101, 'SUPREMO PREDILETO CORES N.4  00115', '13.00', 14, 7, '', '940', 'M'),
(102, 'SUPREMO PREDILETO CORES N.4  00116', '13.00', 14, 7, '', '940', 'M'),
(103, 'SUPREMO PREDILETO CORES N.4  00150', '13.00', 14, 7, '', '940', 'M'),
(104, 'SUPREMO PREDILETO CORES N.4  00151', '13.00', 14, 7, '', '940', 'M'),
(105, 'SUPREMO PREDILETO CORES N.4  00152', '13.00', 14, 7, '', '940', 'M'),
(106, 'SUPREMO PREDILETO CORES N.4  00153', '13.00', 14, 7, '', '940', 'M'),
(107, 'SUPREMO PREDILETO CORES N.4  00154', '13.00', 14, 7, '', '940', 'M'),
(108, 'SUPREMO BIG CORES N.6 00001', '34.00', 14, 7, '', '1,800', 'KG'),
(109, 'SUPREMO BIG CORES N.6 00002', '34.00', 14, 7, '', '1,800', 'M'),
(110, 'SUPREMO BIG CORES N.6 00004', '34.00', 14, 7, '', '1,800', 'M'),
(111, 'SUPREMO BIG CORES N.6 00005', '34.00', 14, 7, '', '1,800', 'KG'),
(112, 'SUPREMO CORES BIG N.6 00001', '34.00', 14, 7, '', '1,800', 'KG'),
(113, 'SUPREMO BIG CORES N.6 00002', '34.00', 14, 7, '', '1,800', 'KG'),
(114, 'SUPREMO BIG CORES N.6 00004', '34.00', 14, 7, '', '1,800', 'KG'),
(115, 'SUPREMO BIG CORES N.6 00005', '34.00', 14, 7, '', '1,800', 'KG'),
(116, 'SUPREMO BIG CORES N.6 00006', '34.00', 14, 7, '', '1,800', 'KG'),
(117, 'SUPREMO BIG CORES N.6 00007', '34.00', 14, 7, '', '1,800', 'KG'),
(118, 'SUPREMO BIG CORES N.6 00008', '34.00', 14, 7, '', '1,800', 'KG'),
(119, 'SUPREMO BIG CORES N.6 00010', '34.00', 14, 7, '', '1,800', 'KG'),
(120, 'SUPREMO BIG CORES N.6 00011', '34.00', 14, 7, '', '1,800', 'KG'),
(121, 'SUPREMO BIG CORES N.6 00013', '34.00', 14, 7, '', '1,800', 'KG'),
(122, 'SUPREMO BIG CORES N.6 00015', '34.00', 14, 7, '', '1,800', 'KG'),
(123, 'SUPREMO BIG CORES N.6 00016', '34.00', 14, 7, '', '1,800', 'KG'),
(124, 'SUPREMO BIG CORES N.6 00018', '34.00', 14, 7, '', '1,800', 'KG'),
(125, 'SUPREMO BIG CORES N.6 00019', '34.00', 14, 7, '', '1,800', 'KG'),
(126, 'SUPREMO BIG CORES N.6 00020', '34.00', 14, 7, '', '1,800', 'KG'),
(127, 'SUPREMO BIG CORES N.6 00021', '34.00', 14, 7, '', '1,800', 'KG'),
(128, 'SUPREMO BIG CORES N.6 00022', '34.00', 14, 7, '', '1,800', 'KG'),
(129, 'SUPREMO BIG CORES N.6 00023', '34.00', 13, 7, '', '1,800', 'KG'),
(130, 'SUPREMO BIG CORES N.6 00024', '34.00', 14, 7, '', '1,800', 'KG'),
(131, 'SUPREMO BIG CORES N.6 00025', '34.00', 14, 7, '', '1,800', 'KG'),
(132, 'SUPREMO BIG CORES N.6 00029', '34.00', 14, 7, '', '1,800', 'KG'),
(133, 'SUPREMO BIG CORES N.6 00031', '34.00', 13, 7, '', '1,800', 'KG'),
(134, 'SUPREMO BIG CORES N.6 00036', '34.00', 14, 7, '', '1,800', 'KG'),
(135, 'SUPREMO BIG CORES N.6 00038', '34.00', 14, 7, '', '1,800', 'KG'),
(136, 'SUPREMO BIG CORES N.6 00040', '34.00', 14, 7, '', '1,800', 'KG'),
(137, 'SUPREMO BIG CORES N.6 00042', '34.00', 14, 7, '', '1,800', 'KG'),
(138, 'SUPREMO BIG CORES N.6 00046', '34.00', 14, 7, '', '1,800', 'KG'),
(139, 'SUPREMO BIG CORES N.6 00054', '34.00', 14, 7, '', '1,800', 'KG'),
(140, 'SUPREMO BIG CORES N.6 00074', '34.00', 14, 6, '', '1,800', 'KG'),
(141, 'SUPREMO BIG CORES N.6 00075', '34.00', 14, 7, '', '1,800', 'KG'),
(142, 'SUPREMO BIG CORES N.6 00109', '34.00', 14, 7, '', '1,800', 'KG'),
(143, 'SUPREMO BIG CORES N.6 00110', '34.00', 14, 7, '', '1,800', 'KG'),
(144, 'SUPREMO BIG CORES N.6 00111', '34.00', 14, 7, '', '1,800', 'KG'),
(145, 'SUPREMO BIG CORES N.6 00112', '34.00', 14, 6, '', '1,800', 'KG'),
(146, 'SUPREMO BIG CORES N.6 00113', '34.00', 14, 7, '', '1,800', 'KG'),
(147, 'SUPREMO BIG CORES N.6 00150', '34.00', 14, 7, '', '1,800', 'KG'),
(148, 'SUPREMO BIG CORES N.6 00151', '34.00', 14, 7, '', '1,800', 'KG'),
(149, 'SUPREMO BIG CORES N.6 00152', '34.00', 14, 7, '', '1,800', 'KG'),
(150, 'SUPREMO BIG CORES N.6 00153', '34.00', 14, 7, '', '1,800', 'KG'),
(151, 'SUPREMO BIG CORES N.6 00154', '34.00', 14, 7, '', '1,800', 'KG'),
(153, 'SUPREMO BIG CORES CRU N.6', '34.00', 14, 7, '', '1,800', 'KG'),
(154, 'SUPREMO BIG CORES CRU N.4', '34.00', 14, 7, '', '1,800', 'KG'),
(155, 'SUPREMO PREDILETO CRU N.4 00000', '13.00', 14, 7, '', '940', 'M'),
(156, 'SUPREMO PREDILETO CRU N.6 00000', '13.00', 14, 7, '', '627', 'M'),
(157, 'SUPREMO CRU N.2 00000', '14.00', 14, 7, '', '1650', 'M'),
(158, 'SUPREMO BIG CORES CRU N.3', '14.00', 14, 7, '', '1350', 'M'),
(159, 'SUPREMO CRU N.4 00000', '19.00', 14, 7, '', '1KL', 'KG'),
(160, 'SUPREMO CRU N.6 00000', '19.00', 14, 7, '', '1KL', 'KG'),
(161, 'SUPREMO COLORIDO N.6 00001', '19.00', 14, 7, '', '1KL', 'KG'),
(162, 'SUPREMO COLORIDO N.6 00002', '19.00', 14, 7, '', '1KL', 'KG'),
(163, 'SUPREMO COLORIDON.6 00004', '19.00', 14, 7, '', '1KL', 'KG'),
(164, 'SUPREMO COLORIDO N.6 00005', '19.00', 14, 7, '', '1KL', 'KG'),
(165, 'SUPREMO COLORIDO N.6 00006', '19.00', 14, 7, '', '1KL', 'KG'),
(166, 'SUPREMO COLORIDO N.6 00008', '19.00', 14, 7, '', '1KL', 'KG'),
(167, 'SUPREMO COLORIDO N.6 00010', '19.00', 14, 7, '', '1KL', 'KG'),
(168, 'SUPREMO COLORIDO N.6 00011', '19.00', 14, 7, '', '1KL', 'KG'),
(169, 'SUPREMO COLORIDO N.6 00012', '19.00', 14, 6, '', '1KL', 'KG'),
(170, 'SUPREMO COLORIDO N.6 00013', '19.00', 14, 7, '', '1KL', 'KG'),
(171, 'SUPREMO COLORIDO N.6 00018', '19.00', 14, 7, '', '1KL', 'KG'),
(172, 'SUPREMO COLORIDO N.6 00019', '19.00', 14, 7, '', '1KL', 'KG'),
(173, 'SUPREMO COLORIDO N.6 00020', '19.00', 14, 7, '', '1KL', 'KG'),
(174, 'SUPREMO COLORIDO N.6 00021', '19.00', 14, 7, '', '1KL', 'KG'),
(175, 'SUPREMO COLORIDO N.6 00022', '19.00', 14, 7, '', '1KL', 'KG'),
(176, 'SUPREMO COLORIDO N.6 00023', '19.00', 14, 7, '', '1KL', 'KG'),
(177, 'SUPREMO COLORIDO N.6 00024', '19.00', 14, 7, '', '1KL', 'KG'),
(178, 'SUPREMO COLORIDO N.6 00029', '19.00', 14, 7, '', '1KL', 'KG'),
(179, 'SUPREMO COLORIDO N.6 00042', '19.00', 14, 7, '', '1KL', 'KG'),
(180, 'SUPREMO COLORIDO N.6 00109', '19.00', 14, 7, '', '1KL', 'KG'),
(181, 'SUPREMO COLORIDO N.6 00112', '19.00', 14, 7, '', '1KL', 'KG'),
(182, 'SUPREMO COLORIDO N.6 00113', '19.00', 14, 7, '', '1KL', 'KG'),
(183, 'SUPREMO CRU COM BRILHO PRATA N.6 00059', '15.00', 14, 7, '', '732', 'M'),
(184, 'SUPREMO CRU COM BRILHO OURO  N.6 00060', '15.00', 14, 7, '', '732', 'M'),
(185, 'SUPREMO CORES COM BRILHO 65', '15.00', 14, 7, '', '732', 'M'),
(186, 'SUPREMO CORES COM BRILHO N.6 00066', '15.00', 14, 7, '', '732', 'KG'),
(187, 'SUPREMO CORES COM BRILHO N.6 00068', '15.00', 14, 7, '', '732', 'M'),
(188, 'SUPREMO CRU COM BRILHO OURO. N.6 00060', '15.00', 14, 7, '', '732', 'M'),
(189, 'SUPREMO CORES COM BRILHO N6 00069', '15.00', 14, 7, '', '732', 'M'),
(190, 'SUPREMO CORES COM BRILHO N.6 00071', '15.00', 14, 7, '', '732', 'KG'),
(191, 'SUPREMO CORES COM BRILHO N6 00076', '15.00', 14, 7, '', '732', 'KG'),
(192, 'SUPREMO CORES COM BRILHO N6 00077', '15.00', 14, 7, '', '732', 'M'),
(193, 'SUPREMO CORES COM BRILHO N.6 00081', '15.00', 14, 7, '', '732', 'KG'),
(194, 'SUPREMO CORES COM BRILHO N.6 00082', '15.00', 14, 7, '', '732', 'KG'),
(195, 'SUPREMO CORES COM BRILHO N.6 00083', '15.00', 14, 7, '', '732', 'M'),
(196, 'SUPREMO CORES COM BRILHO N.6 00093', '15.00', 14, 7, '', '732', 'KG'),
(197, 'SUPREMO CORES COM BRILHO N.6 00095', '15.00', 14, 7, '', '732', 'KG'),
(198, 'SUPREMO CORES COM BRILHO N.6 00096', '15.00', 14, 7, '', '732', 'KG'),
(199, 'SUPREMO CORES COM BRILHO N.6 00098', '15.00', 14, 7, '', '732', 'KG'),
(200, 'SUPREMO CORES COM BRILHO N.6 00099', '15.00', 14, 7, '', '732', 'M'),
(201, 'SUPREMO CORES COM BRILHO N.6 00101', '15.00', 14, 6, '', '732', 'M'),
(202, 'SUPREMO CORES COM BRILHO N.6 00102', '15.00', 14, 7, '', '732', 'M'),
(203, 'SUPREMO CORES COM BRILHO N.6 00103', '15.00', 14, 7, '', '732', 'M'),
(204, 'SUPREMO CORES COM BRILHO N.6 00104', '15.00', 14, 7, '', '732', 'M'),
(205, 'SUPREMO CORES COM BRILHO N.6 00105', '15.00', 14, 7, '', '732', 'M'),
(206, 'SUPREMO CORES COM BRILHO N.6 00106', '15.00', 14, 7, '', '732', 'M'),
(207, 'SUPREMO CORES COM BRILHO N.6 00108', '15.00', 14, 7, '', '732', 'M'),
(208, 'SUPREMO CORES COM BRILHO N.6 00127', '15.00', 14, 7, '', '732', 'M'),
(209, 'SUPREMO CORES COM BRILHO N.6 00128', '15.00', 14, 7, '', '732', 'M'),
(210, 'SUPREMO CORES COM BRILHO N.6 00129', '15.00', 14, 7, '', '732', 'M'),
(211, 'SUPREMO CORES COM BRILHO N.6 00130', '15.00', 14, 7, '', '732', 'M'),
(212, 'SUPREMO CORES COM BRILHO N.4 00065', '15.00', 14, 7, '', '1097', 'KG'),
(213, 'SUPREMO CORES COM BRILHO N.4 00066', '15.00', 14, 7, '', '1097', 'M'),
(214, 'SUPREMO CORES COM BRILHO N.4 00068', '15.00', 14, 7, '', '1097', 'M'),
(215, 'SUPREMO CORES COM BRILHO N.4 00069', '15.00', 14, 6, '', '1097', 'M'),
(216, 'SUPREMO CORES COM BRILHO N.4 00076', '15.00', 14, 7, '', '1097', 'M'),
(217, 'SUPREMO SENIOR  00001', '7.00', 14, 6, '', '500', 'M'),
(218, 'SUPREMO SENIOR  00002', '7.00', 13, 7, '', '500', 'M'),
(219, 'SUPREMO SENIOR  00003', '7.00', 14, 6, '', '500', 'M'),
(220, 'SUPREMO SENIOR  00005', '7.00', 14, 6, '', '500', 'M'),
(221, 'SUPREMO SENIOR  00006', '7.00', 14, 6, '', '500', 'M'),
(222, 'SUPREMO SENIOR 00007', '7.00', 14, 6, '', '500', 'M'),
(223, 'SUPREMO SENIOR  00008', '7.00', 14, 6, '', '500', 'M'),
(224, 'SUPREMO SENIOR  00010', '7.00', 14, 6, '', '500', 'M'),
(225, 'SUPREMO SENIOR  00012', '7.00', 13, 6, '', '500', 'M'),
(226, 'SUPREMO SENIOR 00013', '7.00', 14, 6, '', '500', 'M'),
(227, 'SUPREMO SENIOR 00014', '7.00', 14, 6, '', '500', 'M'),
(228, 'SUPREMO SENIOR 00015', '7.00', 14, 6, '', '500', 'M'),
(229, 'SUPREMO SENIOR 00016', '7.00', 14, 6, '', '500', 'M'),
(230, 'SUPREMO SENIOR 00017', '7.00', 14, 6, '', '500', 'M'),
(231, 'SUPREMO SENIOR 00018', '7.00', 14, 6, '', '500', 'M'),
(232, 'SUPREMO SENIOR 00019', '7.00', 14, 6, '', '500', 'M'),
(233, 'SUPREMO SENIOR 00020', '7.00', 14, 6, '', '500', 'M'),
(234, 'SUPREMO SENIOR 00021', '7.00', 14, 6, '', '500', 'M'),
(235, 'SUPREMO SENIOR 00022', '7.00', 14, 6, '', '500', 'M'),
(236, 'SUPREMO SENIOR 00024', '7.00', 14, 6, '', '500', 'M'),
(237, 'SUPREMO SENIOR 00039', '7.00', 14, 6, '', '500', 'M'),
(238, 'SUPREMO SENIOR 00050', '7.00', 14, 6, '', '500', 'M'),
(239, 'SUPREMO SENIOR 00059', '7.00', 14, 6, '', '500', 'M'),
(240, 'SUPREMO SENIOR 00061', '7.00', 14, 6, '', '500', 'M'),
(241, 'SUPREMO SENIOR 00064', '7.00', 14, 6, '', '500', 'M'),
(242, 'SUPREMO SENIOR 00065', '7.00', 14, 6, '', '500', 'M'),
(243, 'SUPREMO SENIOR 00066', '7.00', 14, 6, '', '500', 'M'),
(244, 'SUPREMO SENIOR 00105', '7.00', 14, 6, '', '500', 'M'),
(245, 'SUPREMO SENIOR 00106', '7.00', 14, 6, '', '500', 'M'),
(246, 'SUPREMO SENIOR BRILHO 00041', '8.50', 14, 6, '', '500', 'M'),
(247, 'SUPREMO SENIOR BRILHO 00045', '8.50', 14, 6, '', '500', 'M'),
(248, 'SUPREMO SENIOR BRILHO 00046', '8.50', 14, 6, '', '500', 'M'),
(249, 'SUPREMO SENIOR BRILHO 00051', '8.50', 14, 6, '', '500', 'M'),
(250, 'SUPREMO SENIOR COM BRILHO 00052', '8.50', 14, 6, '', '500', 'M'),
(251, 'SUPREMO SENIOR COM BRILHO 00053', '8.50', 14, 6, '', '500', 'M'),
(252, 'SUPREMO SENIOR COM BRILHO 00054', '8.50', 13, 6, '', '500', 'M'),
(253, 'SUPREMO SENIOR COM BRILHO 00055', '8.50', 14, 6, '', '500', 'M'),
(254, 'SUPREMO SENIOR COM BRILHO 00056', '8.50', 13, 7, '', '500', 'M'),
(255, 'SUPREMO SENIOR COM BRILHO 00057', '8.50', 14, 6, '', '500', 'M'),
(256, 'SUPREMO SENIOR COM BRILHO 00074', '8.50', 14, 6, '', '500', 'M'),
(257, 'SUPREMO SENIOR COM BRILHO 00075', '8.50', 14, 6, '', '500', 'M'),
(258, 'SUPREMO SENIOR COM BRILHO 00080', '8.50', 14, 6, '', '500', 'M'),
(259, 'SUPREMO SENIOR COM BRILHO 00083', '8.50', 13, 6, '', '500', 'M'),
(260, 'SUPREMO SENIOR COM BRILHO 00084', '8.50', 14, 6, '', '500', 'M'),
(261, 'SUPREMO SENIOR COM BRILHO 00085', '8.50', 14, 6, '', '500', 'M'),
(262, 'SUPREMO SENIOR COM BRILHO 00086', '8.50', 14, 6, '', '500', 'M'),
(263, 'SUPREMO SEMIOR COM BRILHO   00087', '8.50', 14, 6, '', '500', 'M'),
(264, 'SUPREMO SEMIOR COM BRILHO   00088', '8.50', 14, 6, '', '500', 'M'),
(265, 'SUPREMO SEMIOR COM BRILHO   00089', '8.50', 14, 6, '', '500', 'M'),
(266, 'SUPREMO FLORAL 00001', '8.50', 14, 6, '', '170', 'M'),
(267, 'SUPREMO FLORAL 00002', '8.50', 14, 6, '', '170', 'M'),
(268, 'SUPREMO 00003', '8.50', 14, 6, '', '170', 'M'),
(269, 'SUPREMO FLORAL 00004', '8.50', 14, 6, '', '170', 'M'),
(270, 'SUPREMO FLORAL 00005', '8.50', 14, 6, '', '170', 'M'),
(271, 'SUPREMO FLORAL 00006', '8.50', 14, 6, '', '170', 'M'),
(272, 'SUPREMO FLORAL 00007', '8.50', 14, 6, '', '170', 'M'),
(273, 'SUPREMO FLORAL 00008', '8.50', 14, 6, '', '170', 'M'),
(274, 'SUPREMO FLORAL 00009', '8.50', 14, 6, '', '170', 'M'),
(275, 'SUPREMO FLORAL 00010', '8.50', 14, 6, '', '170', 'M'),
(276, 'SUPREMO FLORAL 00011', '8.50', 14, 6, '', '170', 'M'),
(277, 'SUPREMO FLORAL 00012', '8.50', 14, 6, '', '170', 'M'),
(278, 'SUPREMO FLORAL 00013', '8.50', 14, 6, '', '170', 'M'),
(279, 'SUPREMO FLORAL 00014', '8.50', 14, 6, '', '170', 'M'),
(280, 'SUPREMO FLORAL 00015', '8.50', 14, 6, '', '170', 'M'),
(281, 'SUPREMO FLORAL 00016', '8.50', 14, 6, '', '170', 'M'),
(282, 'SUPREMO FLORAL 00017', '8.50', 14, 6, '', '170', 'M'),
(283, 'SUPREMO FLORAL 00018', '8.50', 14, 6, '', '170', 'M'),
(284, 'SUPREMO FLORAL 00019', '8.50', 14, 6, '', '170', 'M'),
(285, 'SUPREMO FLORAL 00020', '8.50', 14, 6, '', '170', 'M'),
(286, 'SUPREMO FLORAL 00021', '8.50', 14, 6, '', '170', 'M'),
(287, 'SUPREMO FLORAL 00022', '8.50', 14, 6, '', '170', 'M'),
(288, 'SUPREMO FLORAL 00023', '8.50', 14, 6, '', '170', 'M'),
(289, 'SUPREMO FLORAL 00024', '8.50', 14, 6, '', '170', 'M'),
(290, 'SUPREMO FLORAL 00025', '8.50', 14, 6, '', '170', 'M'),
(291, 'SUPREMO FLORAL00026', '8.50', 14, 6, '', '170', 'M'),
(292, 'SUPREMO FLORAL 00027', '8.50', 14, 6, '', '170', 'M'),
(293, 'SUPREMO FLORAL 00028', '8.50', 14, 6, '', '170', 'M'),
(294, 'SUPREMO FLORAL 00029', '8.50', 14, 6, '', '170', 'M'),
(295, 'SUPREMO FLORAL 00030', '8.50', 14, 6, '', '170', 'M'),
(296, 'SUPREMO FLORAL 00031', '8.50', 14, 6, '', '170', 'M'),
(297, 'SUPREMO FLORAL 00032', '8.50', 14, 6, '', '170', 'M'),
(298, 'SUPREMO FLORAL 00100', '8.50', 14, 6, '', '170', 'M'),
(299, 'SUPREMO IRIS FASHION 00001', '10.00', 14, 6, '', '500', 'M'),
(300, 'SUPREMO FASHION 00003', '10.00', 14, 6, '', '500', 'M'),
(301, 'SUPREMO FASHION 00004', '10.00', 14, 6, '', '500', 'M'),
(302, 'SUPREMO FASHION 00005', '10.00', 14, 6, '', '500', 'M'),
(303, 'SUPREMO FASHION 00007', '10.00', 14, 6, '', '500', 'M'),
(304, 'SUPREMO FASHION 00008', '10.00', 14, 6, '', '500', 'M'),
(305, 'SUPREMO FASHION 00010', '10.00', 14, 6, '', '500', 'M'),
(306, 'SUPREMO FASHION 00012', '10.00', 14, 6, '', '500', 'M'),
(307, 'SUPREMO FASHION 00014', '10.00', 14, 6, '', '500', 'M'),
(308, 'SUPREMO FASHION 00017', '10.00', 14, 6, '', '500', 'M'),
(309, 'SUPREMO FASHION 00021', '10.00', 14, 6, '', '500', 'M'),
(310, 'SUPREMO FASHION 00024', '10.00', 14, 6, '', '500', 'M'),
(311, 'SUPREMO FASHION 00018', '10.00', 14, 6, '', '500', 'M'),
(312, 'SUPREMO FASHION 00026', '10.00', 14, 6, '', '500', 'M'),
(313, 'SUPREMO FASHION 00029', '10.00', 14, 6, '', '500', 'M'),
(314, 'SUPREMO FASHION 00033', '10.00', 14, 6, '', '500', 'M'),
(315, 'SUPREMO FASHION 00034', '10.00', 14, 6, '', '500', 'M'),
(316, 'SUPREMO FASHION 00037', '10.00', 14, 6, '', '500', 'M'),
(317, 'SUPREMO FASHION 00038', '10.00', 14, 6, '', '500', 'M'),
(318, 'SUPREMO FASHION 00039', '10.00', 14, 6, '', '500', 'M'),
(319, 'SUPREMO FASHION 00042', '10.00', 14, 6, '', '500', 'M'),
(320, 'SUPREMO FASHION 00045', '10.00', 13, 6, '', '500', 'M'),
(321, 'SUPREMO FASHION 00048', '10.00', 14, 6, '', '500', 'M'),
(322, 'SUPREMO FASHION 00050', '10.00', 14, 6, '', '500', 'M'),
(323, 'SUPREMO FASHION 00051', '10.00', 14, 6, '', '500', 'M'),
(324, 'SUPREMO FASHION 00053', '10.00', 14, 6, '', '500', 'M'),
(325, 'SUPREMO FASHION 00054', '10.00', 14, 6, '', '500', 'M'),
(326, 'SUPREMO FASHION 00056', '10.00', 14, 6, '', '500', 'M'),
(327, 'SUPREMO FASHION 00057', '10.00', 14, 6, '', '500', 'M'),
(328, 'SUPREMO FASHION 00058', '10.00', 14, 6, '', '500', 'M'),
(329, 'SUPREMO FASHION 00059', '10.00', 14, 6, '', '500', 'M'),
(330, 'SUPREMO FASHION 00100', '10.00', 14, 6, '', '500', 'M'),
(331, 'SUPREMO FASHION COM BRILHO 00001', '11.00', 14, 6, '', '500', 'M'),
(332, 'SUPREMO FASHION COM BRILHO 00002', '11.00', 14, 6, '', '500', 'M'),
(333, 'SUPREMO FASHION CO BRILHO 00003', '11.00', 14, 6, '', '500', 'M'),
(334, 'SUPREMO FASHION COM BRILHO 00004', '11.00', 14, 6, '', '500', 'M'),
(335, 'SUPREMO FASHION COM BRILHO 00005', '11.00', 14, 6, '', '500', 'M'),
(336, 'SUPREMO FASHION  COM BRILHO 00006', '11.00', 14, 6, '', '500', 'M'),
(337, 'SUPREMO FASHION COM BRILHO 00007', '11.00', 14, 6, '', '500', 'M'),
(338, 'SUPREMO FASHION COM BRILHO 00008', '11.00', 14, 6, '', '500', 'M'),
(339, 'SUPREMO FASHION COM BRILHO 00009', '11.00', 14, 6, '', '500', 'M'),
(340, 'SUPREMO FASHION COM BRILHO 00010', '11.00', 14, 6, '', '500', 'M'),
(341, 'SUPREMO FASHION COM BRILHO 00011', '11.00', 14, 6, '', '500', 'M'),
(342, 'SUPREMO FLORES  BRILHO 00001', '12.00', 14, 7, '', '452', 'M'),
(343, 'SUPREMO FLORES  BRILHO 00002', '12.00', 14, 7, '', '452', 'M'),
(344, 'SUPREMO FLORES  BRILHO 00003', '12.00', 14, 7, '', '452', 'M'),
(345, 'SUPREMO FLORES  BRILHO 00004', '12.00', 14, 7, '', '452', 'M'),
(346, 'SUPREMO FLORES  BRILHO 00005', '12.00', 14, 7, '', '452', 'M'),
(347, 'SUPREMO FLORES  BRILHO 00006', '12.00', 14, 7, '', '452', 'M'),
(348, 'SUPREMO FLORES  BRILHO 00007', '12.00', 14, 7, '', '452', 'M'),
(349, 'SUPREMO FLORES  BRILHO 00008', '12.00', 14, 7, '', '452', 'M'),
(350, 'SUPREMO FLORES  BRILHO 00009', '12.00', 14, 7, '', '452', 'M'),
(351, 'SUPREMO FLORES  BRILHO 00010', '12.00', 14, 7, '', '452', 'M'),
(367, 'SUPREMO FLORES  BRILHO 00011', '12.00', 14, 7, '', '452', 'M'),
(368, 'SUPREMO FLORES  BRILHO 00012', '12.00', 14, 7, '', '452', 'M'),
(369, 'SUPREMO FLORES BRILHO 00013', '12.00', 14, 7, '', '452', 'M'),
(370, 'SUPREMO FLORES BRILHO 00014', '12.00', 14, 7, '', '452', 'M'),
(371, 'SUPREMO FLORES BRILHO 00015', '12.00', 14, 7, '', '452', 'M'),
(372, 'SUPREMO ESMERALDA 00012', '5.20', 14, 6, '', '460', 'M'),
(373, 'SUPREMO FLORES  BRILHO 00016', '12.00', 14, 6, '', '452', 'M'),
(374, 'SUPREMO FLORES  BRILHO 00017', '12.00', 14, 7, '', '452', 'M'),
(375, 'SUPREMO FLORES  BRILHO 00018', '12.00', 14, 7, '', '452', 'M'),
(376, 'SUPREMO FLORES  BRILHO 00019', '12.00', 14, 7, '', '452', 'M'),
(377, 'SUPREMO FLORES  BRILHO 00020', '12.00', 14, 7, '', '452', 'KG'),
(378, 'SUPREMO FLORES  BRILHO 00021', '12.00', 14, 7, '', '452', 'M'),
(379, 'SUPREMO FLORES  BRILHO 00022', '12.00', 14, 7, '', '452', 'M'),
(380, 'SUPREMO FLORES  BRILHO 00023', '12.00', 14, 7, '', '452', 'M'),
(381, 'SUPREMO FLORES  BRILHO 00024', '12.00', 14, 7, '', '452', 'M'),
(382, 'SUPREMO FLORES  BRILHO 00025', '12.00', 14, 7, '', '452', 'KG'),
(383, 'SUPREMO FLORES  BRILHO CRU N.4 00000', '18.00', 14, 7, '', '1186', 'M'),
(384, 'SUPREMO FLORES CRU N. 6', '18.00', 14, 7, '', '795', 'M'),
(385, 'SUPREMO FLORES  BRILHO CRU N.4 00000', '18.00', 14, 7, '', '1186', 'M'),
(386, 'SUPREMO FLORES  BRILHO CRU N.6 00001', '18.00', 14, 7, '', '760', 'M'),
(387, 'SUPREMO FLORES 00001', '9.50', 14, 7, '', '226', 'M'),
(388, 'SUPREMO FLORES 00002', '9.50', 14, 7, '', '226', 'M'),
(389, 'SUPREMO FLORES 00003', '9.50', 14, 7, '', '226', 'M'),
(390, 'SUPREMO FLORES 00005', '9.50', 14, 7, '', '226', 'M'),
(391, 'SUPREMO FLORES 00006', '9.50', 14, 7, '', '226', 'M'),
(392, 'SUPREMO FLORES 00007', '9.50', 14, 7, '', '226', 'M'),
(393, 'SUPREMO FLORES 00008', '9.50', 14, 7, '', '226', 'M'),
(394, 'SUPREMO FLORES 00009', '9.50', 14, 7, '', '226', 'M'),
(395, 'SUPREMO FLORES 00010', '9.50', 14, 7, '', '226', 'M'),
(396, 'SUPREMO FLORES 00011', '9.50', 14, 7, '', '226', 'KG'),
(397, 'SUPREMO FLORES 00012', '9.50', 13, 7, '', '226', 'M'),
(398, 'SUPREMO FLORES 00013', '9.50', 14, 7, '', '226', 'M'),
(399, 'SUPREMO FLORES 00014', '9.50', 14, 7, '', '226', 'M'),
(400, 'SUPREMO FLORES 00016', '9.50', 14, 7, '', '226', 'M'),
(401, 'SUPREMO FLORES 00017', '9.50', 14, 7, '', '226', 'M'),
(402, 'SUPREMO FLORES 00018', '9.50', 14, 7, '', '226', 'M'),
(403, 'SUPREMO FLORES 00019', '9.50', 14, 7, '', '226', 'M'),
(404, 'SUPREMO FLORES 00021', '9.50', 14, 7, '', '226', 'M'),
(405, 'SUPREMO FLORES 00022', '9.50', 14, 7, '', '226', 'M'),
(406, 'SUPREMO FLORES 00023', '9.50', 14, 7, '', '226', 'M'),
(407, 'SUPREMO FLORES 00024', '9.50', 14, 7, '', '226', 'M'),
(408, 'SUPREMO FLORES 00025', '9.50', 14, 7, '', '226', 'M'),
(409, 'SUPREMO FLORES 00026', '9.50', 14, 7, '', '226', 'M'),
(410, 'SUPREMO FLORES 00027', '9.50', 14, 7, '', '226', 'M'),
(411, 'SUPREMO FLORES 00028', '9.50', 14, 7, '', '226', 'M'),
(412, 'SUPREMO FLORES 00029', '9.50', 14, 7, '', '226', 'M'),
(413, 'SUPREMO FLORES 00030', '9.50', 14, 7, '', '226', 'M'),
(414, 'SUPREMO FLORES 00031', '9.50', 14, 7, '', '226', 'KG'),
(415, 'SUPREMO MIX 00001', '8.50', 14, 7, '', '105', 'M'),
(416, 'SUPREMO MIX 00002', '8.50', 14, 7, '', '105', 'M'),
(417, 'SUPREMO MIX 00003', '8.50', 14, 7, '', '105', 'M'),
(418, 'SUPREMO MIX 00004', '8.50', 14, 7, '', '105', 'M'),
(419, 'SUPREMO MIX 00005', '8.50', 14, 7, '', '105', 'M'),
(420, 'SUPREMO MIX 00006', '8.50', 14, 7, '', '105', 'M'),
(421, 'SUPREMO MIX 00007', '8.50', 14, 7, '', '105', 'M'),
(422, 'SUPREMO MIX 00008', '8.50', 14, 7, '', '105', 'M'),
(423, 'SUPREMO MIX 00010', '8.50', 14, 7, '', '105', 'M'),
(424, 'SUPREMO MIX 00012', '8.50', 14, 7, '', '105', 'M'),
(425, 'SUPREMO MIX 00013', '8.50', 14, 7, '', '105', 'M'),
(426, 'SUPREMO MIX 00014', '8.50', 14, 7, '', '105', 'M'),
(427, 'SUPREMO MIX 00015', '8.50', 14, 7, '', '105', 'M'),
(428, 'SUPREMO MIX 00016', '8.50', 14, 7, '', '105', 'M'),
(429, 'SUPREMO MIX 00018', '8.50', 14, 7, '', '105', 'M'),
(430, 'SUPREMO MIX 00019', '8.50', 14, 7, '', '105', 'M'),
(431, 'SUPREMO MIX 00020', '8.50', 13, 7, '', '105', 'M'),
(432, 'SUPREMO MIX 00024', '8.50', 14, 7, '', '105', 'M'),
(433, 'SUPREMO MIX 00025', '8.50', 14, 7, '', '105', 'M'),
(434, 'SUPREMO  ESMERALDA  00001', '5.20', 14, 7, '', '460', 'M'),
(435, 'SUPREMO ESMERALDA 00002', '5.20', 14, 6, '', '460', 'M'),
(436, 'SUPREMO ESMEDALDA 00003', '5.20', 14, 6, '', '460', 'M'),
(437, 'SUPREMO ESMERALDA 00004', '5.20', 14, 6, '', '460', 'M'),
(438, 'SUPREMO ESMERALDA 00005', '5.20', 14, 6, '', '460', 'M'),
(439, 'SUPREMO ESMERALDA 00006', '5.20', 14, 6, '', '460', 'M'),
(440, 'SUPREMO ESMERALDA 00007', '5.20', 14, 6, '', '460', 'M'),
(441, 'SUPREMO ESMERALDA 00008', '5.20', 14, 6, '', '460', 'M'),
(442, 'SUPREMO ESMERALDA 00009', '5.20', 14, 6, '', '460', 'M'),
(443, 'SUPREMO  ESMERALDA 00012', '5.20', 14, 6, '', '460', 'M'),
(444, 'SUPREMO ESMERALDA 00013', '5.20', 14, 6, '', '460', 'M'),
(445, 'SUPREMO ESMERALDA 00014', '5.20', 14, 6, '', '460', 'M'),
(446, 'SUPREMO ESMERALDA 00015', '5.20', 14, 6, '', '460', 'M'),
(447, 'SUPREMO ESMERALDA 00016', '5.20', 14, 6, '', '460', 'M'),
(448, 'SUPREMO ESMERALDA 00017', '5.20', 14, 6, '', '460', 'M'),
(449, 'SUPREMO ESMERALDA 00018', '5.20', 14, 6, '', '460', 'M'),
(450, 'SUPREMO ESMERALDA 00019', '5.20', 14, 6, '', '460', 'M'),
(451, 'SUPREMO ESMERALDA 00024', '5.20', 14, 6, '', '460', 'KG'),
(452, 'SUPREMO ESMERALDA 00035', '5.20', 14, 6, '', '460', 'M'),
(453, 'SUPREMO ESMERALDA 00037', '5.20', 14, 6, '', '460', 'M'),
(454, 'SUPREMO ESMERALDA 00039', '5.20', 14, 6, '', '460', 'M'),
(455, 'SUPREMO ESMERALDA 00040', '5.20', 14, 6, '', '460', 'M'),
(456, 'SUPREMO ESMERALDA 00041', '5.20', 14, 6, '', '460', 'M'),
(457, 'SUPREMO ESMERALDA 00042', '5.20', 14, 6, '', '460', 'M'),
(458, 'SUPREMO ESMERALDA 00044', '5.20', 14, 7, '', '460', 'M'),
(459, 'SUPREMO ESMERALDA 00048', '5.20', 14, 7, '', '460', 'M'),
(460, 'SUPREMO ESMERALDA 00049', '5.20', 14, 6, '', '460', 'M'),
(461, 'SUPREMO ESMERALDA 00061', '5.20', 14, 7, '', '460', 'M'),
(462, 'SUPREMO ESMERALDA 00062', '5.20', 13, 6, '', '460', 'M'),
(463, 'SUPREMO ESMERALDA 00063', '5.20', 14, 6, '', '460', 'M'),
(464, 'SUPREMO ESMERALDA BRILHO 00025', '6.00', 14, 6, '', '460', 'M'),
(465, 'SUPREMO ESMERALDA BRILHO 00026', '6.00', 14, 6, '', '460', 'M'),
(466, 'SUPREMO ESMERALDA BRILHO 00027', '6.00', 14, 6, '', '460', 'M'),
(467, 'SUPREMO ESMERALDA BRILHO 00028', '6.00', 14, 7, '', '460', 'M'),
(468, 'SUPREMO ESMERALDA BRILHO 00029', '6.00', 14, 6, '', '460', 'M'),
(469, 'SUPREMO ESMERALDA BRILHO 00030', '6.00', 14, 6, '', '460', 'M'),
(470, 'SUPREMO ESMERALDA BRILHO 00031', '6.00', 14, 6, '', '460', 'M'),
(471, 'SUPREMO ESMERALDA BRILHO 00032', '6.00', 14, 6, '', '460', 'M'),
(472, 'SUPREMO ESMERALDA BRILHO 00050', '6.00', 14, 6, '', '460', 'M'),
(473, 'SUPREMO ESMERALDA BRILHO 00055', '6.00', 14, 6, '', '460', 'M'),
(474, 'SUPREMO ESMERALDA BRILHO 00056', '6.00', 14, 6, '', '460', 'M'),
(475, 'SUPREMO ESMERALDA BRILHO 00058', '6.00', 14, 6, '', '460', 'M'),
(476, 'SUPREMO ESMERALDA BRILHO 00069', '6.00', 13, 7, '', '460', 'M'),
(477, 'SUPREMO ESMERALDA BRILHO 00070', '6.00', 14, 6, '', '460', 'M'),
(478, 'SUPREMO ESMERALDA BRILHO 00072', '6.00', 14, 6, '', '460', 'M'),
(479, 'SUPREMO ESMERALDA BRILHO 00073', '6.00', 14, 6, '', '460', 'M'),
(480, 'SUPREMO ESMERALDA BRILHO 00075', '6.00', 14, 6, '', '460', 'M'),
(481, 'SUPREMO ESMERALDA BRILHO 00076', '6.00', 14, 6, '', '460', 'M'),
(482, 'SUPREMO ESMERALDA BRILHO 00078', '6.00', 14, 6, '', '460', 'M'),
(483, 'SUPREMO ESMERALDA BRILHO 00081', '6.00', 14, 6, '', '460', 'M'),
(484, 'SUPREMO ESMERALDA BRILHO 00082', '6.00', 13, 6, '', '460', 'M'),
(485, 'SUPREMO ESMERALDA BRILHO 00083', '6.00', 14, 6, '', '460', 'M'),
(486, 'SUPREMO ESMERALDA BRILHO 00084', '6.00', 14, 6, '', '460', 'M'),
(487, 'SUPREMO ESMERALDA BRILHO 00085', '6.00', 14, 6, '', '460', 'M'),
(488, 'SUPREMO ESMERALDA  BRILHO 00086', '6.00', 14, 6, '', '460', 'M'),
(489, 'SUPREMO ESMERALDA BRILHO 00088', '6.00', 14, 7, '', '460', 'M'),
(490, 'SUPREMO ESMERALDA BRILHO 00089', '6.00', 14, 7, '', '460', 'M'),
(491, 'SUPREMO ESMERALDA BRILHO 00090', '6.00', 14, 7, '', '460', 'M'),
(492, 'TINTA DE TECIDO 300', '3.00', 15, 8, '', '27ML', 'G'),
(493, 'EUROROMA BARBANTE 750', '19.00', 13, 7, '', '1KL', 'KG'),
(494, 'EUROROMA MILANO 250', '9.00', 13, 7, '', '226', 'M'),
(495, 'MILANO 545', '9.00', 13, 7, '', '226', 'M'),
(496, 'EUROROMA MILANO 610', '9.00', 13, 7, '', '226', 'M'),
(497, 'EUROROMA MILANO 802', '9.00', 13, 7, '', '226', 'M'),
(498, 'EUROROMA MILANO 250', '9.00', 13, 7, '', '226', 'M'),
(499, 'EUROROMA MILANO 545', '9.00', 13, 7, '', '226', 'M'),
(500, 'EUROROMA MILANO 830', '9.00', 13, 7, '', '226', 'M'),
(501, 'EUROROMA MILANO 905', '9.00', 13, 7, '', '226', 'M'),
(502, 'EUROROMA MILANO 1065', '9.00', 14, 7, '', '226', 'M'),
(503, 'EUROROMA MILANO 430', '9.00', 13, 7, '', '226', 'M'),
(504, 'EUROROMA MILANO 550', '9.00', 13, 7, '', '226', 'M'),
(505, 'EUROROMA MILANO 635', '9.00', 13, 7, '', '226', 'M'),
(506, 'EUROROMA MILANO 803', '9.00', 13, 7, '', '226', 'M'),
(507, 'EUROROMA MILANO 835', '9.00', 13, 7, '', '226', 'M'),
(508, 'EUROROMA MILANO 907', '9.00', 13, 7, '', '226', 'M'),
(509, 'EUROROMA MILANO 1085', '9.00', 13, 7, '', '226', 'M'),
(510, 'EUROROMA MILANO 450', '9.00', 13, 7, '', '226', 'M'),
(511, 'EUROROMA MILANO 560', '9.00', 13, 7, '', '226', 'M'),
(512, 'EUROROMA MILANO 700', '9.00', 13, 7, '', '226', 'M'),
(513, 'EUROROMA MILANO 804', '9.00', 13, 7, '', '226', 'M'),
(514, 'EUROROMA MILANO 840', '9.00', 13, 7, '', '226', 'M'),
(515, 'EUROROMA MILANO 910', '9.00', 13, 7, '', '226', 'M'),
(516, 'EUROROMA MILANO 1090', '9.00', 13, 7, '', '226', 'M'),
(517, 'EUROROMA MILANO 535', '9.00', 13, 7, '', '226', 'M'),
(518, 'EUROROMA MILANO 570', '9.00', 13, 7, '', '226', 'M'),
(519, 'EUROROMA MILANO 780', '9.00', 13, 7, '', '226', 'M'),
(520, 'EUROROMA MILANO 807', '9.00', 13, 7, '', '226', 'M'),
(521, 'EUROROMA MILANO 901', '9.00', 13, 7, '', '226', 'M'),
(522, 'EUROROMA MILANO 1000', '9.00', 13, 7, '', '226', 'M'),
(523, 'EUROROMA MILANO 1100', '9.00', 13, 7, '', '226', 'M'),
(524, 'EUROROMA MILANO 100', '9.00', 13, 7, '', '226', 'M'),
(525, 'EUROROMA MILANO 540', '9.00', 13, 7, '', '226', 'M'),
(526, 'EUROROMA MILANO 605', '9.00', 13, 7, '', '226', 'M'),
(527, 'EUROROMA MILANO 801', '9.00', 13, 7, '', '226', 'M'),
(528, 'EUROROMA MILANO 808', '9.00', 13, 7, '', '226', 'M'),
(529, 'EUROROMA MILANO 903', '9.00', 13, 7, '', '226', 'M'),
(530, 'EUROROMA MILANO 1060', '9.00', 13, 7, '', '226', 'M'),
(531, 'EUROROMA MILANO 1120', '9.00', 13, 7, '', '226', 'M'),
(532, 'EUROROMA TRETO 200', '12.00', 13, 7, '', '200', 'G'),
(533, 'EUROROMA TRETO 250', '12.00', 13, 7, '', '200', 'G'),
(534, 'EUROROMA TRETO 270', '12.00', 13, 7, '', '200', 'G'),
(535, 'EURROMA TRETO 100', '12.00', 13, 7, '', '200', 'G'),
(536, 'EUROROMA TRETO 300', '12.00', 13, 7, '', '200', 'G'),
(537, 'EUROROMA TRETO 350', '12.00', 13, 7, '', '200', 'G'),
(538, 'EUROROMA TRETO 450', '12.00', 13, 7, '', '200', 'G'),
(539, 'EUROROMA TRETO 470', '12.00', 13, 7, '', '200', 'G'),
(540, 'EUROROMA TRETO 500', '12.00', 13, 7, '', '200', 'G'),
(541, 'EUROROMA TRETO 550', '12.00', 13, 7, '', '200', 'G'),
(542, 'EUROROMA TRETO 600', '12.00', 13, 7, '', '200', 'G'),
(543, 'EUROROMA TRETO 610', '12.00', 13, 7, '', '200', 'G'),
(544, 'EUROROMA TRETO 710', '12.00', 13, 7, '', '200', 'G'),
(545, 'EUROROMA TRETO 800', '12.00', 13, 7, '', '200', 'G'),
(546, 'EUROROMA TRETO 802', '12.00', 13, 7, '', '200', 'G'),
(547, 'EUROROMA TRETO 804', '12.00', 13, 7, '', '200', 'G'),
(548, 'EUROROMA TRETO 805', '12.00', 13, 7, '', '200', 'G'),
(549, 'EUROROMA TRETO 900', '12.00', 13, 7, '', '200', 'G'),
(550, 'EUROROMA TRETO 901', '12.00', 13, 7, '', '200', 'G'),
(551, 'EUROROMA TRETO 902', '12.00', 13, 7, '', '200', 'G'),
(552, 'EUROROMA TRETO 903', '12.00', 13, 7, '', '200', 'G'),
(553, 'EUROROMA TRETO 1000', '12.00', 13, 7, '', '200', 'G'),
(554, 'EUROROMA TRETO 1050', '12.00', 13, 7, '', '200', 'G'),
(555, 'EUROROMA TRETO 1070', '12.00', 13, 7, '', '200', 'G'),
(556, 'EUROROMA TRETO 1100', '12.00', 13, 7, '', '200', 'G'),
(557, 'EUROROMA PASSIONE 100', '5.00', 13, 7, '', '150', 'G'),
(558, 'EUROROMA PASSIONA 200', '5.00', 13, 7, '', '150', 'G'),
(559, 'EUROROMA PASSIONE 250', '5.00', 13, 7, '', '150', 'G'),
(560, 'EUROROMA PASSIONA 270', '5.00', 13, 7, '', '150', 'G'),
(561, 'EUROROMA PASSIONE 300', '5.00', 13, 7, '', '150', 'G'),
(562, 'EUROROMA PASSIONE 310', '5.00', 13, 7, '', '150', 'G'),
(563, 'EUROROMA PASSIONE 350', '5.00', 13, 7, '', '150', 'G'),
(564, 'EUROROMA PASSIONE 450', '5.00', 13, 7, '', '150', 'G'),
(565, 'EUROROMA PASSIONE 470', '5.00', 13, 7, '', '150', 'G'),
(566, 'EUROROMA PASSIONE  500', '5.00', 13, 7, '', '150', 'G'),
(567, 'EUROROMA PASSIONE 510', '5.00', 13, 7, '', '150', 'G'),
(568, 'EUROROMA PASSIONE 550', '5.00', 13, 7, '', '150', 'G'),
(569, 'EUROROMA PASSIONE 700', '5.00', 13, 7, '', '150', 'G'),
(570, 'EUROROMA PASSIONE 750', '5.00', 13, 7, '', '150', 'G'),
(571, 'EUROROMA PASSIONE 710', '5.00', 13, 7, '', '150', 'G'),
(572, 'EUROROMA PASSIONE 800', '5.00', 13, 7, '', '150', 'G'),
(573, 'EUROROMA PASSIONE 801', '5.00', 13, 7, '', '150', 'G'),
(574, 'EUROROMA PASSIONE 803', '5.00', 13, 7, '', '150', 'G'),
(575, 'EUROROMA PASSIONE 810', '5.00', 13, 7, '', '150', 'G'),
(576, 'EUROROMA PASSIONE 901', '5.00', 13, 7, '', '150', 'G'),
(577, 'EUROROMA PASSIONE 902', '5.00', 13, 7, '', '150', 'G'),
(578, 'EUROROMA PASSIONE 903', '5.00', 13, 7, '', '150', 'G'),
(579, 'EUROROMA PASSIONE 1000', '5.00', 13, 7, '', '150', 'G'),
(580, 'EUROROMA PASSIONE 1050', '5.00', 13, 7, '', '150', 'G'),
(581, 'EUROROMA  PASSIONE 1070', '5.00', 13, 7, '', '150', 'G'),
(582, 'EUROROMA FIORE 100', '5.20', 13, 7, '', '500', 'M'),
(583, 'EUROROMA FIORE 200', '5.20', 13, 7, '', '500', 'M'),
(584, 'EUROROMA FIORE 250', '5.20', 13, 7, '', '500', 'M'),
(585, 'EUROROMA FIORE 300', '5.20', 13, 7, '', '500', 'M'),
(586, 'EUROROMA FIORE 310', '5.20', 13, 7, '', '500', 'M'),
(587, 'EUROROMA FIORE 400', '5.20', 13, 7, '', '500', 'M'),
(588, 'EUROROMA FIORE 450', '5.20', 13, 7, '', '500', 'M'),
(589, 'EUROROMA FIORE 470', '5.20', 13, 7, '', '500', 'M'),
(590, 'EUROROMA FIORE 500', '5.20', 14, 7, '', '500', 'M'),
(591, 'EUROROMA FIORE 510', '5.20', 13, 7, '', '500', 'M'),
(592, 'EUROROMA FIORE 550', '5.20', 13, 7, '', '500', 'M'),
(593, 'EUROROMA FIORE 600', '5.20', 13, 7, '', '500', 'M'),
(594, 'EUROROMA FIORE 610', '5.20', 13, 7, '', '500', 'M'),
(595, 'EUROROMA FIORE 700', '5.20', 13, 7, '', '500', 'M'),
(596, 'EUROROMA FIORE 710', '5.20', 13, 7, '', '500', 'M'),
(597, 'EUROROMA FIORE 750', '5.20', 13, 7, '', '500', 'M'),
(598, 'EUROROMA FIORE 800', '5.20', 13, 7, '', '500', 'M'),
(599, 'EUROROMA  FIORE 801', '5.20', 13, 7, '', '500', 'M'),
(600, 'EUROROMA FIORE 803', '5.20', 13, 7, '', '500', 'M'),
(601, 'EUROROMA FIORE 900', '5.20', 13, 7, '', '500', 'M'),
(602, 'EUROROMA FIORE 901', '5.20', 13, 7, '', '500', 'M'),
(603, 'EUROROMA FIORE 902', '5.20', 13, 7, '', '500', 'M'),
(604, 'EUROROMA FIORE 903', '5.20', 13, 7, '', '500', 'M'),
(605, 'EUROROMA FIORE 1000', '5.20', 13, 7, '', '500', 'M'),
(606, 'EUROROMA FIORE 1050', '5.20', 13, 7, '', '500', 'KG'),
(607, 'EUROROMA FIORE 1070', '5.20', 13, 7, '', '500', 'M'),
(608, 'EUROROMA FIORE 1100', '5.20', 13, 7, '', '500', 'M'),
(609, 'EUROROMA SPESSO 100', '20.00', 13, 7, '', '1KL', 'KG'),
(610, 'EUROROMA SPESSO 200', '20.00', 13, 7, '', '1KL', 'KG'),
(611, 'EUROROMA SPESSO 250', '20.00', 13, 7, '', '1KL', 'KG'),
(612, 'EUROROMA SPESSO 270', '20.00', 13, 7, '', '1KL', 'KG'),
(613, 'EUROROMA SPESSO 350', '20.00', 13, 7, '', '1KL', 'KG'),
(614, 'EUROROMA SPESSO 400', '20.00', 13, 7, '', '1KL', 'KG'),
(615, 'EUROROMA ESPESSO 470', '20.00', 13, 7, '', '1KL', 'KG'),
(616, 'EUROROMA SPESSO 500', '20.00', 13, 7, '', '1KL', 'KG'),
(617, 'EUROROMA SPESSO 510', '20.00', 13, 7, '', '1KL', 'KG'),
(618, 'EUROROMA SPESSO 550', '20.00', 13, 7, '', '1KL', 'KG'),
(619, 'EUROROMA SPESSO 600', '20.00', 13, 7, '', '1KL', 'KG'),
(620, 'EUROROMA SPESSO 700', '20.00', 13, 7, '', '1KL', 'KG'),
(621, 'EUROROMA SPESSO 750', '20.00', 13, 7, '', '1KL', 'KG'),
(622, 'EUROROMA SPESSO 801', '20.00', 13, 7, '', '1KL', 'KG'),
(623, 'EUROROMA SPESSO 800', '20.00', 13, 7, '', '1KL', 'KG'),
(624, 'EUROROMA SPESSO 804', '20.00', 13, 7, '', '1KL', 'KG'),
(625, 'EUROROMA SPESSO 810', '20.00', 13, 7, '', '1KL', 'KG'),
(626, 'EUROROMA  SPESSO 900', '20.00', 13, 7, '', '1KL', 'KG'),
(627, 'EUROROMA SPESSO 902', '20.00', 13, 7, '', '1KL', 'KG'),
(628, 'EUROROMA SPESSO 903', '20.00', 13, 7, '', '1KL', 'KG'),
(629, 'EUROROMA SPESSO 904', '20.00', 13, 7, '', '1KL', 'KG'),
(630, 'EUROROMA SPESSO 1000', '20.00', 13, 7, '', '1KL', 'KG'),
(631, 'EUROROMA SPESSO 1050', '20.00', 13, 7, '', '1KL', 'M'),
(632, 'EUROROMA SPESSO 1070', '20.00', 13, 7, '', '1KL', 'KG'),
(633, 'EUROROMA SPESSO 1110', '20.00', 13, 7, '', '1KL', 'KG'),
(634, 'EUROROMA FANTASIA 5001', '13.00', 13, 7, '', '610', 'M'),
(635, 'EUROROMA FANTASIA 5002', '13.00', 13, 7, '', '610', 'M'),
(636, 'EUROROMA FANTASIA 5003', '13.00', 13, 7, '', '610', 'M'),
(637, 'EUROROMA FANTASIA 5011', '13.00', 13, 7, '', '610', 'M'),
(638, 'EUROROMA FANTASIA 5012', '13.00', 13, 7, '', '610', 'M'),
(639, 'EUROROMA FANTASIA 5016', '13.00', 13, 7, '', '610', 'M'),
(640, 'EUROROMA FANTASIA 5017', '13.00', 13, 7, '', '610', 'M'),
(641, 'EUROROMA FANTASIA 5019', '13.00', 13, 7, '', '610', 'M'),
(642, 'EUROROMA FANTASIA5021', '13.00', 13, 7, '', '610', 'M'),
(643, 'EUROROMA FANTASIA 5022', '13.00', 13, 7, '', '610', 'M'),
(644, 'EUROROMA BARBANTE 200 N. 4', '13.00', 13, 7, '', '915', 'M'),
(645, 'EUROROMA BARBANTE 250 N. 4', '13.00', 13, 7, '', '915', 'M'),
(646, 'EUROROMA BARBANTE 270 N. 4', '9.15', 13, 7, '', '915', 'M'),
(647, 'EUROROMA BARBANTE 300 N. 4', '13.00', 13, 7, '', '915', 'M'),
(648, 'EUROROMA BARBANTE 310 N. 4', '13.00', 13, 7, '', '915', 'M'),
(649, 'EUROROMA BARBANTE 350 N. 4', '13.00', 13, 7, '', '915', 'M'),
(650, 'EUROROMA BARBANTE 400 N. 4', '13.00', 13, 7, '', '915', 'M'),
(651, 'EUROROMA BARBANTE 450 N. 4', '13.00', 13, 7, '', '915', 'M'),
(652, 'EUROROMA BARBANTE 470 N. 4', '13.00', 13, 7, '', '915', 'M'),
(653, 'EUROROMA BARBANTE 500 N.4', '13.00', 13, 7, '', '915', 'M'),
(654, 'EUROROMA BARBANTE 510 N. 4', '13.00', 13, 7, '', '915', 'M'),
(655, 'EUROROMA BARBANTE 550 N. 4', '13.00', 13, 7, '', '915', 'M'),
(656, 'EUROROMA BARBANTE 560 N. 4', '13.00', 13, 7, '', '915', 'M'),
(657, 'EUROROMA BARBANTE 600 N. 4', '13.00', 13, 7, '', '915', 'M'),
(658, 'EUROROMA BARBANTE 610 N. 4', '13.00', 13, 7, '', '915', 'M'),
(659, 'EUROROMA BARBANTE 700 N. 4', '13.00', 13, 7, '', '915', 'M'),
(660, 'EUROROMA BARBANTE 710 N. 4', '13.00', 13, 7, '', '915', 'M'),
(661, 'EUROROMA BARBANTE 750 N.4', '13.00', 13, 7, '', '915', 'M'),
(662, 'EUROROMA BARBANTE 800 N. 4', '13.00', 13, 7, '', '915', 'M'),
(663, 'EUROROMA BARBANTE 801 N. 4', '13.00', 13, 7, '', '915', 'M'),
(664, 'EUROROMA BARBANTE 803 N. 4', '13.00', 13, 7, '', '915', 'M'),
(665, 'EUROROMA BARBANTE 804 N. 4', '13.00', 13, 7, '', '915', 'M'),
(666, 'EUROROMA BARBANTE 805 N. 4', '13.00', 13, 7, '', '915', 'M'),
(667, 'EUROROMA BARBANTE 810 N. 4', '13.00', 13, 7, '', '915', 'M'),
(668, 'EUROROMA BARBANTE 900 N. 4', '13.00', 13, 7, '', '915', 'M'),
(669, 'EUROROMA BARBANTE 901 N. 4', '13.00', 13, 7, '', '915', 'M'),
(670, 'EUROROMA BARBANTE 902 N. 4', '13.00', 13, 7, '', '915', 'M'),
(671, 'EUROROMA BARBANTE 903 N. 4', '13.00', 13, 7, '', '915', 'M'),
(672, 'EUROROMA BARBANTE 904 N. 4', '13.00', 13, 7, '', '915', 'M'),
(673, 'EUROROMA BARBANTE 1000 N. 4', '13.00', 13, 7, '', '915', 'M'),
(674, 'EUROROMA BARBANTE 1050 N. 4', '13.00', 13, 7, '', '915', 'M'),
(675, 'EUROROMA BARBANTE 1070 N. 4', '13.00', 13, 7, '', '915', 'M'),
(676, 'EUROROMA BARBANTE 1100 N. 4', '13.00', 13, 7, '', '915', 'M'),
(677, 'EUROROMA BARBANTE 1110 N. 4', '13.00', 13, 7, '', '915', 'M'),
(678, 'EUROROMA BARBANTE 6000 N. 4', '13.00', 14, 7, '', '915', 'M'),
(679, 'EUROROMA BARBANTE 200 N. 6', '1.30', 13, 7, '', '610', 'M'),
(680, 'EUROROMA BARBANTE 250 N. 6', '13.00', 13, 7, '', '610', 'M'),
(681, 'EUROROMA BARBANTE 270 N. 6', '13.00', 13, 7, '', '610', 'M'),
(682, 'EUROROMA BARBANTE 300 N. 6', '13.00', 13, 7, '', '610', 'M'),
(683, 'EUROROMA BARBANTE 310 N. 6', '13.00', 13, 7, '', '610', 'M'),
(684, 'EUROROMA BARBANTE 350 N. 6', '13.00', 13, 7, '', '610', 'M'),
(685, 'EUROROMA BARBANTE 400 N. 6', '13.00', 13, 7, '', '610', 'M'),
(686, 'EUROROMA BARBANTE 540 N. 6', '13.00', 13, 7, '', '610', 'M'),
(687, 'EUROROMA BARBANTE 470 N. 6', '13.00', 13, 7, '', '610', 'M'),
(688, 'EUROROMA BARBANTE 500 N. 6', '13.00', 13, 7, '', '610', 'M'),
(689, 'EUROROMA BARBANTE 510 N. 6', '13.00', 13, 7, '', '610', 'M'),
(690, 'EUROROMA BARBANTE 550 N. 6', '13.00', 13, 7, '', '610', 'M'),
(691, 'EUROROMA BARBANTE 560 N. 6', '13.00', 13, 7, '', '610', 'M'),
(692, 'EUROROMA BARBANTE 600 N. 6', '13.00', 13, 7, '', '610', 'M'),
(693, 'EUROROMA BARBANTE 610 N. 6', '13.00', 13, 7, '', '610', 'M'),
(694, 'EUROROMA BARBANTE 700 N. 6', '13.00', 13, 7, '', '610', 'M'),
(695, 'EUROROMA BARBANTE 710 N.6', '13.00', 13, 7, '', '610', 'M'),
(696, 'EUROROMA BARBANTE 750 N. 6', '13.00', 13, 7, '', '610', 'M'),
(697, 'EUROROMA BARBANTE 800 N. 6', '13.00', 13, 7, '', '610', 'M'),
(698, 'EUROROMA BARBANTE 801 N. 6', '13.00', 13, 7, '', '610', 'M'),
(699, 'EUROROMA BARBANTE 803 N. 6', '13.00', 13, 7, '', '610', 'M'),
(700, 'EUROROMA BARBANTE 804 N.6', '13.00', 13, 7, '', '610', 'M'),
(701, 'EUROROMA BARBANTE 805 N.6', '13.00', 13, 7, '', '610', 'KG'),
(702, 'EUROROMA BARBANTE 810 N. 6', '13.00', 13, 7, '', '610', 'M'),
(703, 'EUROROMA BARBANTE 900 N. 6', '13.00', 13, 7, '', '610', 'M'),
(704, 'EUROROMA BARBANTE 901 N. 6', '13.00', 13, 7, '', '610', 'M'),
(705, 'EUROROMA BARBANTE 902 N. 6', '13.00', 13, 7, '', '610', 'M'),
(706, 'EUROROMA BARBANTE 903 N. 6', '13.00', 13, 7, '', '610', 'M'),
(707, 'EUROROMA BARBANTE 904 N. 6', '13.00', 13, 7, '', '610', 'M'),
(708, 'EUROROMA BARBANTE 1000 N. 6', '13.00', 13, 7, '', '610', 'M'),
(709, 'EUROROMA BARBANTE 1050 N. 6', '13.00', 13, 7, '', '610', 'M'),
(710, 'EUROROMA BARBANTE 1070 N. 6', '13.00', 13, 7, '', '610', 'KG'),
(711, 'EUROROMA BARBANTE 1100 N. 6', '13.00', 13, 7, '', '610', 'M'),
(712, 'EUROROMA BARBANTE 1110 N. 6', '13.00', 13, 7, '', '610', 'M'),
(713, 'EUROROMA BARBANTE 6000 N. 6', '13.00', 13, 7, '', '610', 'M'),
(714, 'SUPREMO PREDILETO CORES N.6  00038', '13.00', 14, 7, '', '627', 'M'),
(715, 'SUPREMO PREDILETO CORES N.6  00074', '13.00', 14, 7, '', '627', 'M'),
(716, 'SUPREMO PREDILETO CORES N.6  00023', '13.00', 14, 7, '', '627', 'M'),
(717, 'SUPREMO PREDILETO CORES N.6  00001', '13.00', 14, 7, '', '627', 'M'),
(718, 'SUPREMO PREDILETO CORES N.6  00002', '13.00', 14, 7, '', '627', 'M'),
(719, 'SUPREMO PREDILETO CORES N.6  00011', '13.00', 14, 7, '', '627', 'M'),
(720, 'SUPREMO PREDILETO CORES N.6  00021', '13.00', 14, 7, '', '627', 'M'),
(721, 'SUPREMO PREDILETO CORES N.6  00008', '13.00', 14, 7, '', '627', 'M'),
(722, 'SUPREMO PREDILETO CORES N.6  00010', '13.00', 14, 7, '', '627', 'M'),
(723, 'SUPREMO PREDILETO CORES N.6  00013', '13.00', 14, 7, '', '627', 'M'),
(724, 'EUROROMA BIG N.4 200', '34.00', 13, 7, '', '1800', 'M'),
(725, 'EUROROMA BIG N.4 250', '34.00', 13, 7, '', '1800', 'M'),
(726, 'EUROROMA BIG N.4 450', '34.00', 13, 7, '', '1800', 'M'),
(727, 'EUROROMA BIG N.4 550', '34.00', 13, 7, '', '1800', 'M'),
(728, 'EUROROMA BIG N.4 750', '34.00', 13, 7, '', '1800', 'M'),
(729, 'EUROROMA BIG N.4 801', '13.00', 13, 7, '', '1800', 'M'),
(730, 'EUROROMA BIG N.4 803', '34.00', 13, 7, '', '1800', 'M'),
(731, 'EUROROMA BIG N.4 803', '34.00', 13, 7, '', '1800', 'M'),
(732, 'EUROROMA BIG N.4 1000', '34.00', 13, 7, '', '1800', 'M'),
(733, 'EUROROMA BIG N.4 1100', '34.00', 13, 7, '', '1800', 'M'),
(734, 'EUROROMA BIG N.6 200', '34.00', 13, 7, '', '1800', 'M'),
(735, 'EUROROMA BIG N.6 250', '34.00', 13, 7, '', '1800', 'M'),
(736, 'EUROROMA BIG N.6 270', '34.00', 13, 7, '', '1800', 'M'),
(737, 'EUROROMA BIG N.6 300', '34.00', 13, 7, '', '1800', 'M'),
(738, 'EUROROMA BIG N.6 310', '34.00', 13, 7, '', '1800', 'M'),
(739, 'EUROROMA BIG N.6 350', '34.00', 13, 7, '', '1800', 'M'),
(740, 'EUROROMA BIG N.6 400', '34.00', 13, 7, '', '1800', 'M'),
(741, 'EUROROMA BIG N.6 450', '34.00', 13, 7, '', '1800', 'M'),
(742, 'EUROROMA BIG N.6 470', '34.00', 13, 7, '', '1800', 'M'),
(743, 'EUROROMA BIG N.6  500', '34.00', 13, 7, '', '1800', 'M'),
(744, 'EUROROMA BIG N.6 510', '34.00', 13, 7, '', '1800', 'M'),
(745, 'EUROROMA BIG N.6  550', '34.00', 13, 7, '', '1800', 'M'),
(746, 'EUROROMA BIG N.6 560', '34.00', 13, 7, '', '1800', 'M'),
(747, 'EUROROMA BIG N.6 600', '34.00', 13, 7, '', '1800', 'M'),
(748, 'EUROROMA BIG N.6 610', '34.00', 13, 7, '', '1800', 'M'),
(749, 'EUROROMA BIG N.6 700', '34.00', 13, 7, '', '1800', 'M'),
(750, 'EUROROMA BIG N.6 710', '34.00', 13, 7, '', '1800', 'M'),
(751, 'EUROROMA BIG N.6 750', '34.00', 13, 7, '', '1800', 'M'),
(752, 'EUROROMA BIG N.6 800', '34.00', 13, 7, '', '1800', 'M'),
(753, 'EUROROMA BIG N.6 801', '34.00', 13, 7, '', '1800', 'M'),
(754, 'EUROROMA BIG N.6 803', '34.00', 13, 7, '', '1800', 'M'),
(755, 'EUROROMA BIG N.6 804', '34.00', 13, 7, '', '1800', 'M'),
(756, 'EUROROMA BIG N.6 805', '34.00', 13, 7, '', '1800', 'M'),
(757, 'EUROROMA BIG N.6 810', '34.00', 13, 7, '', '1800', 'M'),
(758, 'EUROROMA BIG N.6 900', '34.00', 13, 7, '', '1800', 'M'),
(759, 'EUROROMA BIG N.6 901', '34.00', 13, 7, '', '1800', 'M'),
(760, 'EUROROMA BIG N.6 902', '34.00', 13, 7, '', '1800', 'M'),
(761, 'EUROROMA BIG N.6 903', '34.00', 13, 7, '', '1800', 'M'),
(762, 'EUROROMA BIG N.6 904', '34.00', 13, 7, '', '1800', 'M'),
(763, 'EUROROMA BIG N.6 1000', '34.00', 13, 7, '', '1800', 'M'),
(764, 'EUROROMA BIG N.6 1050', '34.00', 13, 7, '', '1800', 'M'),
(765, 'EUROROMA BIG N.6 1070', '34.00', 13, 7, '', '1800', 'M'),
(766, 'EUROROMA BIG N.6 1100', '34.00', 13, 7, '', '1800', 'M'),
(767, 'EUROROMA BIG N.6 1110', '34.00', 13, 7, '', '1800', 'M'),
(768, 'EUROROMA BIG N.6 6000', '34.00', 13, 7, '', '1800', 'M'),
(769, 'EUROROMA BARBANTE 1KL N.6 200', '19.00', 12, 7, '', '1KL', 'KG'),
(770, 'EUROROMA BARBANTE 1KL N.6 250', '19.00', 13, 7, '', '1KL', 'KG'),
(771, 'EUROROMA BARBANTE 1KL N.6 270', '19.00', 13, 7, '', '1KL', 'KG'),
(772, 'EUROROMA BARBANTE 1KL N.6 300', '19.00', 13, 7, '', '1KL', 'KG'),
(773, 'EUROROMA BARBANTE 1KL N.6 310', '19.00', 13, 7, '', '1KL', 'KG');
INSERT INTO `produtos` (`id`, `st_produto`, `vl_valor_venda`, `marca_id`, `tipo_produto_id`, `st_observacao`, `st_tamanho`, `st_medida`) VALUES
(774, 'EUROROMA BARBANTE 1KL N.6 350', '19.00', 13, 7, '', '1KL', 'KG'),
(775, 'EUROROMA BARBANTE 1KL N.6 400', '19.00', 13, 7, '', '1KL', 'KG'),
(776, 'EUROROMA BARBANTE 1KL N.6 450', '19.00', 13, 7, '', '1KL', 'KG'),
(777, 'EUROROMA BARBANTE 1KL N.6 470', '19.00', 13, 7, '', '1KL', 'KG'),
(778, 'EUROROMA BARBANTE 1KL N.6 500', '19.00', 13, 7, '', '1KL', 'KG'),
(779, 'EUROROMA BARBANTE 1KL N.6 510', '19.00', 13, 7, '', '1KL', 'KG'),
(780, 'EUROROMA BARBANTE 1KL N.6 550', '19.00', 13, 7, '', '1KL', 'KG'),
(781, 'EUROROMA BARBANTE 1KL N.6 560', '19.00', 13, 7, '', '1KL', 'KG'),
(782, 'EUROROMA BARBANTE 1KL N.6 600', '19.00', 13, 7, '', '1KL', 'KG'),
(783, 'EUROROMA BARBANTE 1KL N.6 610', '19.00', 13, 7, '', '1KL', 'KG'),
(784, 'EUROROMA BARBANTE 1KL N.6 700', '19.00', 13, 7, '', '1KL', 'KG'),
(785, 'EUROROMA BARBANTE 1KL N.6 710', '19.00', 13, 7, '', '1KL', 'KG'),
(786, 'EUROROMA BARBANTE 1KL N.6 750', '19.00', 13, 7, '', '1KL', 'KG'),
(787, 'EUROROMA BARBANTE 1KL N.6 800', '19.00', 13, 7, '', '1KL', 'KG'),
(788, 'EUROROMA BARBANTE 1KL N.6 801', '19.00', 13, 7, '', '1KL', 'KG'),
(789, 'EUROROMA BARBANTE 1KL N.6 803', '19.00', 13, 7, '', '1KL', 'KG'),
(790, 'EUROROMA BARBANTE 1KL N.6 803', '19.00', 13, 7, '', '1KL', 'KG'),
(791, 'EUROROMA BARBANTE 1KL N.6 805', '19.00', 13, 7, '', '1KL', 'KG'),
(792, 'EUROROMA BARBANTE 1KL N.6 810', '19.00', 13, 7, '', '1KL', 'KG'),
(793, 'EUROROMA BARBANTE 1KL N.6 900', '19.00', 13, 7, '', '1KL', 'KG'),
(794, 'EUROROMA BARBANTE 1KL N.6 901', '19.00', 12, 7, '', '1KL', 'KG'),
(795, 'EUROROMA BARBANTE 1KL N.6 902', '19.00', 13, 7, '', '1KL', 'KG'),
(796, 'EUROROMA BARBANTE 1KL N.6 903', '19.00', 13, 7, '', '1KL', 'KG'),
(797, 'EUROROMA BARBANTE 1KL N.6 1000', '19.00', 13, 7, '', '1KL', 'KG'),
(798, 'EUROROMA BARBANTE 1KL N.6 1050', '19.00', 13, 7, '', '1KL', 'KG'),
(799, 'EUROROMA BARBANTE 1KL N.6 1070', '19.00', 13, 7, '', '1KL', 'KG'),
(800, 'EUROROMA BARBANTE 1KL N.6 1100', '19.00', 12, 7, '', '1KL', 'KG'),
(801, 'EUROROMA BARBANTE 1KL N.6 1110', '19.00', 13, 7, '', '1KL', 'KG'),
(802, 'EUROROMA BARBANTE 1KL N.6 6000', '19.00', 13, 7, '', '1KL', 'KG'),
(804, 'EUROROMA BARBANTE 1KL N.6 CRU', '19.00', 13, 7, '', '1KL', 'KG'),
(805, 'EUROROMA BARBANTE 1KL N.6 CRU', '19.00', 13, 7, '', '1800', 'KG'),
(806, 'EUROROMA BARBANTE 1800 KL N.4 850', '34.00', 13, 7, '', '1800', 'KG'),
(807, 'EUROROMA BARBANTE 1800KL N.6 850', '34.00', 13, 7, '', '1800', 'KG'),
(808, 'EUROROMA BARBANTE 1800KL N.8 850', '34.00', 13, 7, '', '1800', 'KG'),
(809, 'SUPREMO BARBANTE COLORIDO 1KL N.6 00001', '19.00', 14, 7, '', '1KL', 'KG'),
(810, 'SUPREMO COLORIDO 1KL N.6 00002', '19.00', 14, 7, '', '1KL', 'KG'),
(811, 'SUPREMO COLORIDO 1KL N.6 00004', '19.00', 14, 7, '', '1KL', 'KG'),
(812, 'SUPREMO COLORIDO 1KL N.6 00005', '19.00', 14, 7, '', '1KL', 'KG'),
(813, 'SUPREMO COLORIDO 1KL N.6 00006', '19.00', 14, 7, '', '1KL', 'KG'),
(814, 'SUPREMO COLORIDO 1KL N.6 0008', '19.00', 14, 7, '', '1KL', 'KG'),
(815, 'SUPREMO COLORIDO 1KL N.6 00010', '19.00', 14, 7, '', '1KL', 'KG'),
(816, 'SUPREMO COLORIDO 1KL N.6 00011', '19.00', 14, 7, '', '1KL', 'KG'),
(817, 'SUPREMO COLORIDO 1KL N.6 00012', '19.00', 13, 7, '', '1KL', 'KG'),
(818, 'SUPREMO COLORIDO 1KL N.6 00013', '19.00', 14, 7, '', '1KL', 'KG'),
(819, 'SUPREMO COLORIDO 1KL N.6 00018', '19.00', 14, 7, '', '1KL', 'KG'),
(820, 'SUPREMO COLORIDO 1KL N.6 00019', '19.00', 14, 7, '', '1KL', 'KG'),
(821, 'SUPREMO COLORIDO 1KL N.6 00020', '19.00', 14, 7, '', '1KL', 'KG'),
(822, 'SUPREMO COLORIDO 1KL N.6 00021', '19.00', 14, 7, '', '1KL', 'KG'),
(823, 'SUPREMO COLORIDO 1KL N.6 00022', '19.00', 14, 7, '', '1KL', 'KG'),
(824, 'SUPREMO COLORIDO 1KL N.6 00023', '19.00', 14, 7, '', '1KL', 'KG'),
(825, 'SUPREMO COLORIDO 1KL N.6 00024', '19.00', 14, 7, '', '1KL', 'KG'),
(826, 'SUPREMO COLORIDO 1KL N.6 00029', '19.00', 14, 7, '', '1KL', 'KG'),
(827, 'SUPREMO COLORIDO 1KL N.6 00042', '19.00', 14, 7, '', '1KL', 'KG'),
(828, 'SUPREMO COLORIDO 1KL N.6 00109', '19.00', 14, 7, '', '1KL', 'KG'),
(829, 'SUPREMO COLORIDO 1KL N.6 00112', '19.00', 14, 7, '', '1KL', 'KG'),
(830, 'SUPREMO COLORIDO 1KL N.6 00113', '19.00', 14, 7, '', '1KL', 'KG'),
(831, 'SUPREMO PREDILETO CORES N.4  00001', '13.00', 14, 7, '', '940', 'M'),
(832, 'SUPREMO PREDILETO CORES N.4  00002', '13.00', 14, 7, '', '940', 'M'),
(833, 'SUPREMO PREDILETO CORES N.4  00003', '13.00', 14, 7, '', '940', 'M'),
(834, 'SUPREMO PREDILETO CORES N.4  00004', '13.00', 14, 7, '', '940', 'M'),
(835, 'SUPREMO PREDILETO CORES N.4  00005', '13.00', 14, 7, '', '940', 'M'),
(836, 'SUPREMO PREDILETO CORES N.4  00008', '13.00', 14, 7, '', '940', 'M'),
(837, 'SUPREMO PREDILETO CORES N.4 00010', '13.00', 14, 7, '', '940', 'M'),
(838, 'SUPREMO PREDILETO CORES N.4  00024', '13.00', 14, 7, '', '940', 'M'),
(839, 'SUPREMO PREDILETO CORES N.4  00025', '13.00', 14, 7, '', '940', 'M'),
(840, 'SUPREMO PREDILETO CORES N.4  00027', '13.00', 14, 7, '', '940', 'M'),
(841, 'SUPREMO PREDILETO CORES N.4  00028', '13.00', 14, 7, '', '940', 'M'),
(842, 'SUPREMO PREDILETO CORES N.4  00029', '13.00', 14, 7, '', '940', 'M'),
(843, 'SUPREMO SENIOR  00021', '7.00', 14, 6, '', '500', 'M'),
(844, 'SUPREMO SENIOR  00015', '7.00', 14, 6, '', '500', 'M'),
(845, 'SUPREMO SENIOR  00064', '7.00', 14, 6, '', '500', 'M'),
(846, 'SUPREMO SENIOR 00016', '7.00', 14, 6, '', '500', 'M'),
(847, 'SUPREMO SENIOR  00022', '7.00', 14, 6, '', '500', 'M'),
(848, 'SUPREMO SENIOR  00061', '7.00', 14, 6, '', '500', 'M'),
(849, 'SUPREMO SENIOR  00106', '7.00', 14, 7, '', '500', 'M'),
(850, 'SUPREMO SENIOR  00105', '7.00', 14, 6, '', '500', 'M'),
(851, 'SUPREMO SENIOR 00017', '7.00', 14, 6, '', '500', 'M'),
(852, 'SUPREMO SENIOR 00050', '7.00', 13, 7, '', '500', 'M'),
(853, 'SUPREMO SENIOR 00005', '7.00', 14, 6, '', '500', 'M'),
(854, 'SUPREMO SENIOR  00010', '7.00', 14, 6, '', '500', 'M'),
(855, 'SUPREMO SEMIOR COM BRILHO 00057', '8.50', 14, 6, '', '500', 'M'),
(856, 'SUPREMO SEMIOR COM BRILHO  00085', '8.50', 14, 6, '', '500', 'M'),
(857, 'SUPREMO SENIOR COM BRILHO 00056', '8.50', 14, 6, '', '500', 'M'),
(858, 'SUPREMO SENIOR COM BRILHO 00046', '8.50', 14, 6, '', '500', 'M'),
(859, 'SUPREMO SENIOR COM BRILHO 00088', '8.50', 14, 6, '', '500', 'M'),
(860, 'SUPREMO SENIOR COM BRILHO 00087', '8.50', 14, 6, '', '500', 'M'),
(861, 'SUPREMO SENIOR COM BRILHO 00041', '8.50', 14, 6, '', '500', 'M'),
(862, 'SUPREMO SENIOR COM BRILHO 00045', '8.50', 14, 6, '', '500', 'M'),
(863, 'SUPREMO SENIOR COM BRILHO 00083', '8.50', 14, 6, '', '500', 'M'),
(864, 'SUPREMO CORES COM BRILHO N.6 00065', '15.00', 14, 7, '', '732', 'M'),
(865, 'SUPREMO CORES COM BRILHO N.6 00060', '15.00', 14, 7, '', '732', 'M'),
(866, 'SUPREMO CORES COM BRILHO N.6 00059', '15.00', 14, 7, '', '732', 'M'),
(867, 'SUPREMO CORES COM BRILHO N.6 00107', '15.00', 14, 7, '', '732', 'KG'),
(868, 'SUPREMO CORES COM BRILHO N.6 00076', '15.00', 14, 7, '', '732', 'M'),
(869, 'SUPREMO CORES COM BRILHO N.4 00059', '15.00', 14, 7, '', '1097', 'M'),
(870, 'SUPREMO CORES COM BRILHO N.4 00095', '15.00', 14, 7, '', '1200', 'M'),
(871, 'SUPREMO CORES COM BRILHO N.4 00105', '15.00', 14, 7, '', '1200', 'M');

-- --------------------------------------------------------

--
-- Estrutura da tabela `produtos_informacoes_adicionais`
--

CREATE TABLE `produtos_informacoes_adicionais` (
  `id` int(11) NOT NULL,
  `produto_id` int(11) NOT NULL,
  `st_cor` varchar(30) DEFAULT NULL,
  `nr_codigo_cor` int(11) DEFAULT NULL,
  `nr_numero_linha` int(11) DEFAULT NULL
) ENGINE=InnoDB DEFAULT CHARSET=latin1;

--
-- Extraindo dados da tabela `produtos_informacoes_adicionais`
--

INSERT INTO `produtos_informacoes_adicionais` (`id`, `produto_id`, `st_cor`, `nr_codigo_cor`, `nr_numero_linha`) VALUES
(1, 2, 'CRU', NULL, 6),
(2, 3, 'AZUL ROYAL', 2, 6),
(3, 4, 'PALHA CLARO', 3, 6),
(4, 5, 'CINZA', 4, 6),
(5, 6, 'PRETO', 5, 6),
(6, 7, 'VERMELHO', 6, 6),
(7, 8, 'VERDE SOLDADO', 7, 6),
(8, 9, 'MARROM', 8, 6),
(9, 10, 'ROSA CLARO', 10, 6),
(10, 11, 'BORDO', 11, 6),
(11, 12, 'AMARELO CLARO', 12, 6),
(12, 13, 'PINK', 13, 6),
(13, 14, 'AZUL MARINHO', 15, 6),
(14, 15, 'CHUMBO', 16, 6),
(15, 16, 'MOSTARDA', 17, 6),
(16, 17, 'AZUL CLARO', 18, 6),
(17, 18, 'VERDE AGUA', 19, 6),
(18, 19, 'AZUL TURQUESA', 20, 6),
(19, 20, 'AMARELHO CANARO', 21, 6),
(20, 21, 'VERDE ABACATE', 22, 6),
(21, 22, 'LILAS', 23, 6),
(22, 23, 'CENOURA', 24, 6),
(23, 24, 'LARANJA', 25, 6),
(24, 25, 'VERDE OLIVA', 27, 6),
(25, 26, 'VINHO', 28, 6),
(26, 27, 'ROXO', 29, 6),
(27, 28, 'BRANCO COM VERMELHO', 31, 6),
(28, 29, 'BRANCO COM AZUL ROYAL', 33, 6),
(29, 30, 'BRANCO COM PRETO', 36, 6),
(30, 31, 'AZUL CLARO COM AZUL ROYAL E AZ', 37, 6),
(31, 32, 'BORDO PINK EROSA CLARO', 38, 6),
(32, 33, 'AMARELO CANARIO CENOURA COM SA', 39, 6),
(33, 34, 'ROSA MEDIO', 40, 6),
(34, 35, 'VERDE BANDEIRA', 42, 6),
(35, 36, 'AMARELO OURO', 46, 6),
(36, 37, 'AZUL INDIGO', 47, 6),
(37, 38, 'BRANCO CENOURA', 48, 6),
(38, 39, 'BRANCO VERDE E ABACATE', 54, 6),
(39, 40, 'GOIABA', 74, 6),
(40, 41, 'CARAMELO', 75, 6),
(41, 42, 'MARROM CLARO', 109, 6),
(42, 43, 'MARROM CLARO,MARROM ESCURO ECR', 110, NULL),
(43, 44, 'BRANCO LILAS E ROXO', 111, 6),
(44, 45, 'BERINJELA', 112, NULL),
(45, 46, 'VERDE JADE', 113, 6),
(46, 47, 'BRANCO VERDE SOLDADO', 114, 6),
(47, 48, 'BRANCO MARROM', 115, 6),
(48, 49, 'PRETO CHUMBO E CINZA', 116, 6),
(49, 50, 'ROSA NEON', 150, 6),
(50, 51, 'VERDE LIMAO', 151, 6),
(51, 52, 'VERDE NEON', 152, 6),
(52, 53, 'LARANJA NEON', 153, NULL),
(53, 54, 'AMARELO NEON', 154, 6),
(54, 55, 'BRANCA', 1, 4),
(55, 56, 'AZUL ROYAL', 2, 4),
(56, 57, 'PALHA CLARO', 3, 4),
(57, 58, 'CINZA', 4, 4),
(58, 59, 'PRETO', 5, 4),
(59, 60, 'VERMELHO', 6, 4),
(60, 61, 'VERDE SOLDADO', 7, 4),
(61, 62, 'MARROM', 8, 4),
(62, 63, 'ROSA CLARO', 10, 4),
(63, 64, 'BORDO', 11, 4),
(64, 65, 'AMARELHO CLARO', 12, 4),
(65, 66, 'PINK', 13, 4),
(66, 67, 'AZUL MARINHO', 15, 4),
(67, 68, 'CHUMBO', 16, 4),
(68, 69, 'MOSTARDA', 17, 4),
(69, 70, 'AZUL CLARO', 18, 4),
(70, 71, 'VERDE AGUA', 19, 4),
(71, 72, 'AZUL TURQUESA', 20, 4),
(72, 73, 'AMARELO CANARIO', 21, 4),
(73, 74, 'VERDE ABACATE', 22, 4),
(74, 75, 'LILAS', 23, 4),
(75, 76, 'CENOURA', 24, 4),
(76, 77, 'LARANJA', 25, 4),
(77, 78, 'VERDE OLIVA', 27, 4),
(78, 79, NULL, 28, NULL),
(79, 80, 'ROXO', 29, 4),
(80, 81, 'BRANCO VERMELHO', 31, 4),
(81, 82, 'BRANCO CENOURA', 33, 4),
(82, 83, 'BRANCO PRETO', 36, 4),
(83, 84, 'AZUL CLARO AZUL ROIAL AZUL MAR', 37, 4),
(84, 85, 'BORDO PINK EROSA CLARO', 38, 4),
(85, 86, 'AMARELO CANARIO CENOURA COM SA', 39, 4),
(86, 87, 'ROSA MEDIO', 40, 4),
(87, 88, 'VERDE BANDEIRA', 42, 4),
(88, 89, 'AMARELO OURO', 46, 4),
(89, 90, 'AZUL INDIGO', 47, 4),
(90, 91, 'BRANCO CENORA', 48, 4),
(91, 92, 'BANCO VERDE ABACATE', 54, 4),
(92, 93, 'GOIABA', 74, 4),
(93, 94, 'CARAMELO', 75, 4),
(94, 95, 'MARROM CLARO', 109, 4),
(95, 96, 'MARROM CLARO,MARROM ESCURO ECR', 110, 4),
(96, 97, 'BRANCO LILAS ROXO', 111, 4),
(97, 98, 'BERINJELA', 112, 4),
(98, 99, 'VERDE JADE', 113, 4),
(99, 100, 'BRANCO VERDE SOLDADO', 114, 4),
(100, 101, 'BRANCO MARROM', 115, 4),
(101, 102, 'PRETO CHUNBO CINZA', 116, 4),
(102, 103, 'ROSA NEON', 150, 4),
(103, 104, 'VERDE LIMAO', 151, 4),
(104, 105, 'VERDE NEON', 152, 4),
(105, 106, 'LARANJA NEON', 153, 4),
(106, 107, 'AMARELHO MEON', 154, 4),
(107, 108, 'BRANCA', 1, 6),
(108, 109, 'AZUL ROYAL', 2, 6),
(109, 110, 'CINZA', 4, 6),
(110, 111, 'PRETO', 5, 6),
(111, 112, 'BRANCA', 1, 6),
(112, 113, 'AZUL ROYAL', 2, 6),
(113, 114, 'CINZA', 4, 6),
(114, 115, 'PRETO', 5, 6),
(115, 116, 'VERMELHO', 6, 6),
(116, 117, 'VERDE SOLDADO', 7, 6),
(117, 118, 'MARROM', 8, 6),
(118, 119, 'ROSA CLARO', 10, 6),
(119, 120, 'BORDO', 11, 6),
(120, 121, 'PINK', 13, 6),
(121, 122, 'AZUL MARINHO', 15, 6),
(122, 123, 'CHUMBO', 16, 6),
(123, 124, 'AZUL CLARO', 18, 6),
(124, 125, 'VERDE AGUA', 19, 6),
(125, 126, 'AZUL CLARO', 20, 6),
(126, 127, 'AMARELO CANARIO', 21, 6),
(127, 128, 'VERDE ABACATE', 22, 6),
(128, 129, 'LILAS', 23, 6),
(129, 130, 'CENOURA', 24, 6),
(130, 131, 'LARANJA', 25, 6),
(131, 132, 'ROXO', 29, 6),
(132, 133, 'BRANCO VERMELHO', 31, 6),
(133, 134, 'BRANCO PRETO', 36, 6),
(134, 135, 'BORDO PINK EROSA CLARO', 38, 6),
(135, 136, 'ROSA MEDIO', 40, 6),
(136, 137, 'VERDE BANDEIRA', 42, 6),
(137, 138, 'AMARELO OURO', 46, 6),
(138, 139, 'BRANCO VERDE E ABACATE', 54, 6),
(139, 140, 'GOIABA', 74, 6),
(140, 141, 'CARAMELO', 75, 6),
(141, 142, 'MARROM CLARO', 109, 6),
(142, 143, 'MARROM CLARO,MARROM ESCURO ECR', 110, 6),
(143, 144, 'BRANCO LILAS E ROXO', 111, 6),
(144, 145, 'BERINJELA', 112, 6),
(145, 146, 'VERDE JADE', 113, 6),
(146, 147, 'ROSA NEON', 150, 6),
(147, 148, 'VERDE LIMAO', 151, 6),
(148, 149, 'VERDE NEON', 152, 6),
(149, 150, 'LARANJA NEON', 153, 6),
(150, 151, 'AMARELO NEON', 154, 6),
(151, 153, 'CRU', 0, 6),
(152, 154, 'CRU', 0, 4),
(153, 155, 'CRU', 0, 4),
(154, 156, 'CRU', 0, 6),
(155, 157, 'CRU', 0, 2),
(156, 158, 'CRU', 0, 3),
(157, 159, 'CRU', 0, 4),
(158, 160, 'CRU', 0, 6),
(159, 161, 'BRANCA', 1, 6),
(160, 162, 'AZUL ROYAL', 2, 6),
(161, 163, 'CINZA', 4, 6),
(162, 164, 'PRETO', 5, 6),
(163, 165, 'VERMELHO', 6, 6),
(164, 166, 'MARROM', 8, 6),
(165, 167, 'ROSA CLARO', 10, 6),
(166, 168, 'BORDO', 11, 6),
(167, 169, 'AMARELO CLARO', 12, 6),
(168, 170, 'AZUL MARINHO', 13, 6),
(169, 171, 'AZUL ROYAL', 18, 6),
(170, 172, 'VERDE AGUA', 19, 6),
(171, 173, 'AZUL TURQUESA', 20, 6),
(172, 174, 'AMARELO CANARIO', 21, 6),
(173, 175, 'VERDE ABACATE', 22, 6),
(174, 176, 'LILAS', 23, 6),
(175, 177, 'CENOURA', 24, 6),
(176, 178, 'ROXO', 29, 6),
(177, 179, 'VERDE BANDEIRA', 42, 6),
(178, 180, 'MARROM CLARO', 109, 6),
(179, 181, 'BERINJELA', 112, 6),
(180, 182, 'VERDE JADE', 113, 6),
(181, 183, 'CRU COM PRATA', 59, 6),
(182, 184, 'CRU COM OURO', 60, 6),
(183, 185, 'VERMELHO PRATA', 65, 6),
(184, 186, 'VERMELHO OURO', 66, 6),
(185, 187, 'BRANCO PRATA', 68, 6),
(186, 188, 'CRU OURO', 60, 6),
(187, 189, 'BRANCO OURO', 69, 6),
(188, 190, 'AZUL ROYAL PRATA', 71, 6),
(189, 191, 'VERDE ABACATE PRATA', 76, 6),
(190, 192, 'VERDE ABACATE OURO', 77, 6),
(191, 193, 'VERDE BANDEIRA VERDE', 81, 6),
(192, 194, 'VERDE BANDEIRA PRATA', 82, 6),
(193, 195, 'VERDE BANDEIRA OURO', 83, 6),
(194, 196, 'VERMELHO VERMELHO', 93, 6),
(195, 197, 'CENOURA PRATA', 95, 6),
(196, 198, 'CENOURA OURO', 96, 6),
(197, 199, 'PRETO PRATA', 98, 6),
(198, 200, 'PRETO OURO', 99, 6),
(199, 201, 'LILAS PRATA', 101, 6),
(200, 202, 'LILAS ROXO', 102, 6),
(201, 203, 'ROXO PRATA', 103, 6),
(202, 204, 'ROSA CLARO PRATA', 104, 6),
(203, 205, 'AMARELO CAN PRATA', 105, NULL),
(204, 206, 'MARROM PRATA', 106, 6),
(205, 207, 'BORDO PRATA', 108, 6),
(206, 208, 'PINK PRATA', 127, 6),
(207, 209, 'CHUMBO PRATA', 128, 6),
(208, 210, 'BERINJELA PRATA', 129, 6),
(209, 211, 'VERDE JADE PRATA', 130, 6),
(210, 212, 'VERMELHO PRATA', 65, 4),
(211, 213, 'VERMELHO OURO', 66, 4),
(212, 214, 'BRANCO PRATA', 68, 4),
(213, 215, 'BRANCA OURO', 69, 4),
(214, 216, 'VERDE ABACATE PRATA', 76, 4),
(215, 217, 'BRANCA', 1, 2),
(216, 218, 'CREME', 2, 2),
(217, 219, 'AMARELO BEBE', 3, 2),
(218, 220, 'ROSA BEBE', 5, 2),
(219, 221, 'GOIABA', 6, 2),
(220, 222, 'CINZA', 7, 2),
(221, 223, 'AZUL CLARO', 8, 2),
(222, 224, 'VERDE AGUA', 10, 2),
(223, 225, 'LARANJA', 12, 2),
(224, 226, 'VERMELHO CARDEAL', 13, 2),
(225, 227, 'VINHO', 14, 2),
(226, 228, 'PRETO', 15, 2),
(227, 229, 'BEGE', 16, 2),
(228, 230, 'MARROM', 17, 2),
(229, 231, 'LILAS', 18, 2),
(230, 232, 'PINK', 19, 2),
(231, 233, 'AMARELHO OURO', 20, 2),
(232, 234, 'AZUL TURQUESA', 21, 2),
(233, 235, 'VERMELHO SANGUE', 22, 2),
(234, 236, 'AZUL ATLANTICO', 24, 2),
(235, 237, 'RAMI', 39, 2),
(236, 238, 'VERDE BANDEIRA', 50, 2),
(237, 239, 'AZULAO', 59, 2),
(238, 240, 'VERMELHO RUBI', 61, 2),
(239, 241, 'VERDE PISTACHE', 64, 2),
(240, 242, 'TUTTI FRUTTI', 65, 2),
(241, 243, 'VIOLETA', 66, 2),
(242, 244, 'VERDE LIMAO', 105, 2),
(243, 245, 'ROXO', 106, 2),
(244, 246, 'BRANCO OURO', 41, 2),
(245, 247, 'PRETO OURO', 45, 2),
(246, 248, 'VERMELHO CARDEAL OURO', 46, 2),
(247, 249, 'BRANCO PRATA', 51, 2),
(248, 250, 'AZUL CLARO PRATA', 52, 2),
(249, 251, 'LILAS PRATA', 53, 2),
(250, 252, 'PINK PRATA', 54, 2),
(251, 253, 'PRETO PRATA', 55, 2),
(252, 254, 'VERMELHO CARDEAL PRATA', 56, 2),
(253, 255, 'AMARELO OURO PRATA', 57, 2),
(254, 256, 'PISTACHE PRATA', 74, 2),
(255, 257, 'PISTACHE OURO', 75, 2),
(256, 258, 'LARANJA PRATA', 80, 2),
(257, 259, 'AZULAO PRATA', 83, 2),
(258, 260, 'ROXO PRATA', 84, 2),
(259, 261, 'VERDE BANDEIRA PRATA', 85, 2),
(260, 262, 'VERDE BANDEIRA OURO', 86, 2),
(261, 263, 'VERMELHO RUBI PRATA', 87, 2),
(262, 264, 'TUTTI FRUTI PRATA', 88, 2),
(263, 265, 'VIOLETA PRATA', 89, 2),
(264, 266, 'BRANCO', 1, 4),
(265, 267, 'BEGE', 2, 4),
(266, 268, 'PINK', 3, 4),
(267, 269, 'ROSA MEDIO', 4, 4),
(268, 270, 'LILAS', 5, 4),
(269, 271, 'VERMELHA', 6, 4),
(270, 272, 'TOMATE', 7, 4),
(271, 273, 'CENOURA', 8, 4),
(272, 274, 'LARANJA', 9, 4),
(273, 275, 'AMARELO OURO', 10, 4),
(274, 276, 'AMARELO', 11, 4),
(275, 277, 'VERDE ABACATE', 12, 4),
(276, 278, 'VERDE BANDEIRA', 13, 4),
(277, 279, 'CACAU', 14, 4),
(278, 280, 'MARROM', 15, 4),
(279, 281, 'AZUL', 16, 4),
(280, 282, 'PRETO', 17, 4),
(281, 283, 'AZUL MESCLA', 18, 4),
(282, 284, 'MOSTARDA MESCLA', 19, 4),
(283, 285, 'AMARELO MESCLA', 20, 4),
(284, 286, 'PINK MESCLA', 21, 4),
(285, 287, 'VERMELHO MESCLA', 22, 4),
(286, 288, 'BORDO MESCLA', 23, 4),
(287, 289, 'ROXO MESCLA', 24, 4),
(288, 290, 'MARROM MESCLA', 25, 4),
(289, 291, 'LIMAO MESCLA', 26, 4),
(290, 292, 'ABACATE MESCLA', 27, 4),
(291, 293, 'MOSTARDA', 28, 4),
(292, 294, 'VERDE LIMAO', 29, 4),
(293, 295, 'VIOLETA', 30, 4),
(294, 296, 'ROSA CLARO', 31, 4),
(295, 297, 'TURQUESA', 32, 4),
(296, 298, 'CRU', 100, 4),
(297, 299, 'BRANCA', 1, NULL),
(298, 300, 'SALMAO', 3, 2),
(299, 301, 'CINZA', 4, 2),
(300, 302, 'BEGE', 5, 2),
(301, 303, 'CACAU', 7, 2),
(302, 304, 'MARROM', 8, 2),
(303, 305, 'PRETO', 10, 2),
(304, 306, 'CENOURA', 12, 2),
(305, 307, 'LARANJA', 14, 2),
(306, 308, 'TOMATE', 17, 2),
(307, 309, 'ROSA BEBE', 21, 2),
(308, 310, 'PINK', 24, 2),
(309, 311, 'RUBRO', 18, 2),
(310, 312, 'ROSA FUCSIA', 26, 2),
(311, 313, 'ROXO', 29, 2),
(312, 314, 'AMARELO', 33, 2),
(313, 315, 'AMARELO OURO', 34, 2),
(314, 316, 'VERDE BANDEIRA', 37, 2),
(315, 317, 'VERDE PISTACHE', 38, 2),
(316, 318, 'VERDE PALMEIRA', 39, 2),
(317, 319, 'LILAS', 42, 2),
(318, 320, 'VERDE AGUA', 45, 2),
(319, 321, 'TURQUESA', 48, 2),
(320, 322, 'AZUL ROYAL', 50, 2),
(321, 323, 'AZUL MESCLA', 51, 2),
(322, 324, 'AMARELO MESCLA', 53, 2),
(323, 325, 'PINK MESCLA', 54, 2),
(324, 326, 'BORDO MESCLA', 56, 2),
(325, 327, 'ROXO MESCLA', 57, 2),
(326, 328, 'MARROM MESCLA', 58, 2),
(327, 329, 'LIMAO MESCLA', 59, 2),
(328, 330, 'NATURAL', 100, 2),
(329, 331, 'BRANCO PRATA', 1, 2),
(330, 332, 'BRANCO OURO', 2, 2),
(331, 333, 'BEGE PRATA', 3, 2),
(332, 334, 'BEGE OURO', 4, 2),
(333, 335, 'PRETO PRATA', 5, 2),
(334, 336, 'PRETO OURO', 6, 2),
(335, 337, 'TOMATE PRATA', 7, 2),
(336, 338, 'TOMATE OURO', 8, 2),
(337, 339, 'AMARELO PRATA', 9, NULL),
(338, 340, 'VERDE BANDEIRA PRATA', 10, 2),
(339, 341, 'VERDE BANDEIRA OURO', 11, 2),
(340, 342, 'ROSA NEON', 1, 6),
(341, 343, 'LARANJA NEON PRATA', 2, 6),
(342, 344, 'VERDE NEON', 3, 6),
(343, 345, 'VERDE LIMAO NEON PRATA', 4, 6),
(344, 346, 'CRU COM PRATA', 5, 6),
(345, 347, 'CRU COM OURO', 6, 6),
(346, 348, 'VERMELHO PRATA', 7, 6),
(347, 349, 'VERMELHO OURO', 8, 6),
(348, 350, 'BRANCO PRATA', 9, 6),
(349, 351, 'BRANCO OURO', 10, 6),
(365, 367, 'VERDE ABACATE/PRATA', 11, 6),
(366, 368, 'VERDE BANDEIRA PRATA', 12, 6),
(367, 369, 'PRETO PRATA', 13, 6),
(368, 370, 'PRETO OURO', 14, 6),
(369, 371, 'AMARELO CANáRIO/PRATA', 15, 6),
(370, 372, 'AZUL', 12, 2),
(371, 373, 'AZUL ROYAL PRATA', 16, 2),
(372, 374, 'MARROM PRATA', 17, 2),
(373, 375, 'MARROM CLARO PRATA', 18, 6),
(374, 376, 'PINK PRATA', 19, 6),
(375, 377, 'ROXO PRATA', 20, 6),
(376, 378, 'VERDE BANDEIRA OURO', 21, 6),
(377, 379, 'AZUL ROYAL OURO', 22, 6),
(378, 380, 'AMARELO CANARIO OURO', 23, 6),
(379, 381, 'ROSA NEON OURO', 24, 6),
(380, 382, 'LARANJA NEON OURO', 25, 6),
(381, 383, 'CRU', 0, 4),
(382, 384, 'CRU', 0, 6),
(383, 385, 'CRU', 0, 4),
(384, 386, 'CRU BRILHO', 1, 6),
(385, 387, 'BRANCO CENOURA AMARELO', 1, 6),
(386, 388, 'BRANCO CENOURA', 2, 6),
(387, 389, 'BRANCO TURQUESA CLARO', 3, 6),
(388, 390, 'BRANCO ROXO ROSA', 5, 6),
(389, 391, 'ROSA CLARO MARROM', 6, 6),
(390, 392, 'ROSA CLARO PINK', 7, 6),
(391, 393, 'BRANCO VERMELHO ROSA', 8, 6),
(392, 394, 'BRANCO VERDE CLARO', 9, 6),
(393, 395, 'BRANCO VERDE FORTE', 10, 6),
(394, 396, 'AMARELO  CLARO CENOURA', 11, 6),
(395, 397, 'PALHA CLARO MARROM FORTE', 12, 6),
(396, 398, 'LILAS ROXO', 13, 6),
(397, 399, 'VERDE CLARO  VERDE FORTE', 14, NULL),
(398, 400, 'AMARELO CLARO  AMARELO OURO', 16, 6),
(399, 401, 'CRU MARROM CLARO', 17, 6),
(400, 402, 'AZUL CLARO AZUL FORTE', 18, 6),
(401, 403, 'ROSA CLARO ROXO', 19, 6),
(402, 404, 'GOIABA  VERMELHO', 21, 6),
(403, 405, 'VERDE ABACATE VERDE BANDEIRA', 22, 6),
(404, 406, 'CENOURA VERMELHO AMARELO', 23, 6),
(405, 407, 'LARANJA AMARELO MARROM', 24, 6),
(406, 408, 'VERMELHO LARANJA SALMAO', 25, 6),
(407, 409, 'ROXO LILAS AMARELO', 26, 6),
(408, 410, 'PRETA AMARELO CANARIO AMARELO ', 27, 6),
(409, 411, 'PRETO CINZA CHUMBO', 28, 6),
(410, 412, 'ROSA CLARO ROSA MEDIO', 29, 6),
(411, 413, 'VINHO BORDO E PINK', 30, 6),
(412, 414, 'MOSTARDA AMARELO', 31, 6),
(413, 415, 'BRANCA', 1, 6),
(414, 416, 'VERDE ABACATE', 2, 6),
(415, 417, 'VERMELHO', 3, 6),
(416, 418, 'CENOURA', 4, 6),
(417, 419, 'CRU', 5, 6),
(418, 420, 'MARROM CLARO', 6, 6),
(419, 421, 'MARROM', 7, 6),
(420, 422, 'PRETO', 8, 6),
(421, 423, 'ROXO', 10, 6),
(422, 424, 'BERINJELA', 12, 6),
(423, 425, 'PINK', 13, 6),
(424, 426, 'BORDO', 14, 6),
(425, 427, 'VERDE OLIVA', 15, 6),
(426, 428, 'CHUMBO', 16, 6),
(427, 429, 'AMARELO CANARIO', 18, 6),
(428, 430, 'AZUL ROYAL', 19, 6),
(429, 431, 'ROSA CLARO', 20, 6),
(430, 432, 'CRU MESCLA', 24, 6),
(431, 433, 'MARROM MESCLA', 25, 6),
(432, 434, 'BRANCA', 1, 2),
(433, 435, 'ROSA MEDIO', 2, 2),
(434, 436, 'PINK', 3, 2),
(435, 437, 'SALMAO', 4, 2),
(436, 438, 'CENOURA', 5, 2),
(437, 439, 'AMARELO CANARIO', 6, 2),
(438, 440, 'MOSTARDA', 7, 2),
(439, 441, 'VERDE BANDEIRA', 8, 2147483647),
(440, 442, 'VERDE ABACATE', 9, 2),
(441, 443, 'AZUL TURQUESA', 12, 2),
(442, 444, 'AZUL MARINHO', 13, 2),
(443, 445, 'AZUL ROYAL', 14, 2),
(444, 446, 'PRETO', 15, 2),
(445, 447, 'BORDO', 16, 2),
(446, 448, 'VERMELHO', 17, 2),
(447, 449, 'VERDE SOLDADO', 18, 2),
(448, 450, 'CRU', 19, 2),
(449, 451, 'ROSA CLARO BRANCO', 24, 2),
(450, 452, 'LILAS', 35, 2),
(451, 453, 'AMARELO OURO', 37, 2),
(452, 454, 'LARANJA', 39, 2),
(453, 455, 'ROXO', 40, 2),
(454, 456, 'VINHO', 40, 2),
(455, 457, 'ROSA CLARO', 42, 2),
(456, 458, 'MARROM', 44, 2),
(457, 459, 'GOIABA', 48, 2),
(458, 460, 'CARAMELO', 49, 2),
(459, 461, 'MARROM CLARO', 61, 2),
(460, 462, 'BERINJELA', 62, 2),
(461, 463, 'VERDE JADE', 63, 2),
(462, 464, 'AZUL ROYAL PRATA', 25, 2),
(463, 465, 'BRANCA PRATA', 26, 2),
(464, 466, 'PINK PRATA', 27, 2),
(465, 467, 'BRANCA OURO', 28, 2),
(466, 468, 'PRETO OURO', 29, 2),
(467, 469, 'PRETO PRATA', 30, 2),
(468, 470, 'VERMELHO OURO', 31, 2),
(469, 471, 'VERMELHO PRATA', 32, 2),
(470, 472, 'AZUL ROYAL OURO', 50, 2),
(471, 473, 'CRU PRATA', 55, 2),
(472, 474, 'CRU OURO', 56, 2),
(473, 475, 'CENOURA PRATA', 58, 2),
(474, 476, 'LILAS PRATA', 69, 2),
(475, 477, 'LILAS OURO', 70, 2),
(476, 478, 'AMARELO CANARIO  PRATA', 72, 2),
(477, 479, 'AMARELO CANARIO OURO', 73, 2),
(478, 480, 'VERDE BANDEIRA PRATA', 75, 2),
(479, 481, 'VERDE BANDEIRA OURO', 76, 2),
(480, 482, 'ROSA CLARO PRATA', 78, 2),
(481, 483, 'VERDE ABACATE PRATA', 81, 2),
(482, 484, 'VERDE ABACATE OURO', 82, 2),
(483, 485, 'ROXO PRATA', 83, 2),
(484, 486, 'MARROM PRATA', 84, 2),
(485, 487, 'MARROM CLARO PRATA', 85, 2),
(486, 488, 'BORDO PRATA', 86, 2),
(487, 489, 'CHUMBO PRATA', 88, 2),
(488, 490, 'BERINJELA PRATA', 89, 2),
(489, 491, 'VERDE JADE PRATA', 90, 2),
(490, 492, NULL, NULL, NULL),
(491, 493, 'LARANJA', 750, 6),
(492, 494, 'PRETO', 250, 6),
(493, 495, 'ALGUDAO DOCE', 545, 6),
(494, 496, 'ROXO', 610, 6),
(495, 497, 'ESMERALDA', 802, 6),
(496, 498, 'PRETO', 250, 6),
(497, 499, 'ALGUDAO DOCE', 545, 6),
(498, 500, 'FLORESTA', 830, 6),
(499, 501, 'HORTENSIA', 905, 6),
(500, 502, 'RUBI', 1065, 6),
(501, 503, 'GIRASSOL', 430, 6),
(502, 504, 'PINK', 550, 6),
(503, 505, 'VIOLETA', 635, 6),
(504, 506, 'VERDE BANDEIRA', 803, 6),
(505, 507, 'MENTA', 835, 6),
(506, 508, 'OCEANO', 907, 6),
(507, 509, 'DANASCO', 1085, 6),
(508, 510, 'AMARELO OURO', 450, 6),
(509, 511, 'MANGENTA', 560, 6),
(510, 512, 'SALMAO', 700, 6),
(511, 513, 'VERDE MUSCO', 804, 6),
(512, 514, 'AURORA', 840, 6),
(513, 515, 'LAVANDA', 910, 6),
(514, 516, 'CEREJEIRA', 1090, 6),
(515, 517, 'LIRIO', 535, 6),
(516, 518, 'COR DE ROSA', 570, 6),
(517, 519, 'LICHIA', 780, 6),
(518, 520, 'PRIMAVERA', 807, 6),
(519, 521, 'AZUL PISCINA', 901, 6),
(520, 522, 'VERMELHO', 1000, 6),
(521, 523, 'MARROM', 1100, NULL),
(522, 524, 'CRU', 100, 6),
(523, 525, 'TUTTI FRUTTI', 540, 6),
(524, 526, 'AMORA', 605, 6),
(525, 527, 'VERDE LIMAO', 801, 6),
(526, 528, 'VERDE OLIVA', 808, 6),
(527, 529, 'AZUL ROYAL', 905, 6),
(528, 530, 'MAçA DO AMOR', 1060, 6),
(529, 531, 'MASCAVO', 1120, NULL),
(530, 532, 'BRANCA', 200, 6),
(531, 533, 'PRETO', 250, 6),
(532, 534, 'CINZA', 270, 6),
(533, 535, 'CRU', 100, 6),
(534, 536, 'CAQUI', 300, 6),
(535, 537, 'CHUMBO', 350, 6),
(536, 538, 'OURO', 450, 6),
(537, 539, 'MOSTARDA', 470, 6),
(538, 540, 'ROSA', 500, 6),
(539, 541, 'PINK', 550, 6),
(540, 542, 'LILAS CLARO', 600, 6),
(541, 543, 'ROXO', 610, 6),
(542, 544, 'TELHA', 710, 6),
(543, 545, 'VERDE AGUA CLARO', 800, 6),
(544, 546, 'ESMERALDA', 802, 6),
(545, 547, 'VERDE MUSGO', 804, 6),
(546, 548, 'VERDE MILITAR', 805, 6),
(547, 549, 'AZUL BEBE', 900, 6),
(548, 550, 'AZUL PISCINA', 901, 6),
(549, 551, 'AZUL PETROLEO', 902, 6),
(550, 552, 'AZUL ROYAL', 903, 6),
(551, 553, 'VERMELHO', 1000, 6),
(552, 554, 'BORDO', 1050, 6),
(553, 555, 'MELANCIA', 1070, 6),
(554, 556, 'MARROM', 1100, 6),
(555, 557, 'CRU', 100, 2),
(556, 558, 'BRANCA', 200, 2),
(557, 559, 'PRETO', 250, 2),
(558, 560, 'CINZA', 270, 2),
(559, 561, 'CAQUI', 300, 2),
(560, 562, 'CAQUI ESCURO', 310, 2),
(561, 563, 'CHUMBO', 350, 2),
(562, 564, 'OURO', 450, 2),
(563, 565, 'MOSTARDA', 470, 2),
(564, 566, 'ROSA', 500, 2),
(565, 567, 'ROSA BEBE', 510, 2),
(566, 568, 'PINK', 550, 2),
(567, 569, 'SALMAO', 700, 2),
(568, 570, 'LARANJA', 750, 2),
(569, 571, 'TELHA', 710, 2),
(570, 572, 'VERDE AGUA CLARO', 800, 2),
(571, 573, 'VERDE LIMAO', 801, 2),
(572, 574, 'VERDE BANDEIRA', 803, 2),
(573, 575, 'VERDE AGUA ESCURO', 810, 2),
(574, 576, 'AZUL PISCINA', 901, 2),
(575, 577, 'AZUL PETROLEO', 902, 3),
(576, 578, 'AZUL ROYAL', 903, 3),
(577, 579, 'VERMELHO', 1000, 3),
(578, 580, 'BORDO', 1050, 3),
(579, 581, 'MELANCIA', 1070, 3),
(580, 582, 'CRU', 100, 2),
(581, 583, 'BRANCA', 200, 2),
(582, 584, 'PRETO', 250, 2),
(583, 585, 'CAQUI', 300, 2),
(584, 586, 'CAQUI ESCURO', 310, 2),
(585, 587, 'AMARELO BEBE', 400, 2),
(586, 588, 'OURO', 450, 2),
(587, 589, 'MOSTARDA', 470, 2),
(588, 590, 'ROSA', 500, 2),
(589, 591, 'ROSA BEBE', 510, 2),
(590, 592, 'PINK', 550, 2),
(591, 593, 'LILAS CLARO', 600, 2),
(592, 594, 'ROXO', 610, 2),
(593, 595, 'SALMAO', 700, 2),
(594, 596, 'TELHA', 710, 2),
(595, 597, 'LARANJA', 750, 2),
(596, 598, 'VERDE AGUA CLARO', 800, 2),
(597, 599, 'VERDE LIMAO', 801, 2),
(598, 600, 'VERDE BANDEIRA', 803, 2),
(599, 601, 'AZUL BEBE', 900, 2),
(600, 602, 'AZUL PISCINA', 901, 2),
(601, 603, 'AZUL PETROLEO', 902, 2),
(602, 604, 'AZUL ROYAL', 903, 2),
(603, 605, 'VERMELHO', 1000, 2),
(604, 606, 'BORDO', 1050, 2),
(605, 607, 'MELANCIA', 1070, 2),
(606, 608, 'MARROM', 1100, 2),
(607, 609, 'CRU', 100, 24),
(608, 610, 'BRANCA', 200, 24),
(609, 611, 'PRETO', 250, 24),
(610, 612, 'CINZA', 270, 24),
(611, 613, 'CHUMBO', 350, 24),
(612, 614, 'AMARELO BEBE', 400, 24),
(613, 615, 'MOSTARDA', 470, 24),
(614, 616, 'ROSA', 500, 24),
(615, 617, 'ROSA BEBE', 510, 24),
(616, 618, 'PINK', 550, 24),
(617, 619, 'LILAS CLARO', 600, 24),
(618, 620, 'SALMAO', 700, 24),
(619, 621, 'LARANJA', 750, 24),
(620, 622, 'VERDE LIMAO', 801, 24),
(621, 623, 'VERDE AGUA CLARO', 800, 24),
(622, 624, 'VERDE MUSCO', 804, 24),
(623, 625, 'VERDE AGUA ESCURO', 810, 24),
(624, 626, 'AZUL BEBE', 900, 24),
(625, 627, 'AZUL PETROLEO', 902, 24),
(626, 628, 'AZUL ROYAL', 903, 24),
(627, 629, 'AZUL MARINHO', 904, 24),
(628, 630, 'VERMELHO', 1000, 24),
(629, 631, 'BORDO', 1050, 24),
(630, 632, 'MELANCIA', 1070, 24),
(631, 633, 'BEGE', 1110, 24),
(632, 634, 'BRANCO PINK', 5001, 6),
(633, 635, 'VERDE AGUA CLARO  VERDE MUSGO', 5002, 6),
(634, 636, 'BRANCO VERMELHO', 5003, 6),
(635, 637, 'BRANCO PRETO', 5011, 6),
(636, 638, 'CRU MARROM', 5012, 6),
(637, 639, 'VERDE AGUA ESCURO PINK', 5016, 6),
(638, 640, 'CRU AZUL ROYAL', 5017, 6),
(639, 641, 'CRU VERDE AGUA ESCURO', 5019, 6),
(640, 642, 'BRANCO BEGE', 5021, 6),
(641, 643, 'BRANCO BORDO', 5022, 6),
(642, 644, 'BRANCA', 200, 4),
(643, 645, 'PRETO', 250, 6),
(644, 646, 'CINZA', 270, 4),
(645, 647, 'CAQUI', 300, 4),
(646, 648, 'CAQUI ESCURO', 310, 4),
(647, 649, 'CHUMBO', 350, 4),
(648, 650, 'AMARELO BEBE', 400, 4),
(649, 651, 'AMARELO OURO', 450, 4),
(650, 652, 'MOSTARDA', 470, 4),
(651, 653, 'ROSA', 500, 4),
(652, 654, 'ROSA BEBE', 510, 4),
(653, 655, 'PINK', 550, 4),
(654, 656, 'MANGENTA', 560, 4),
(655, 657, 'LILAS CLARO', 600, 4),
(656, 658, 'ROXO', 610, 4),
(657, 659, 'SALMAO', 700, 4),
(658, 660, 'TELHA', 710, 4),
(659, 661, 'LARANJA', 750, 4),
(660, 662, 'VERDE AGUA CLARO', 800, 4),
(661, 663, 'VERDE LIMAO', 801, 4),
(662, 664, 'VERDE MANDEIRA', 803, 4),
(663, 665, 'VERDE MUSGO', 804, 4),
(664, 666, 'VERDE MILITAR', 805, 4),
(665, 667, 'VERDE AGUA ESCURO', 810, 4),
(666, 668, 'AZUL BEBE', 900, 4),
(667, 669, 'AZUL PISCINA', 901, 4),
(668, 670, 'AZUL PETROLEO', 902, 4),
(669, 671, 'AZUL ROYAL', 903, 4),
(670, 672, 'AZUL MARINHO', 904, NULL),
(671, 673, 'VERMELHO', 1000, 4),
(672, 674, 'BORDO', 1050, 4),
(673, 675, 'MELANCIA', 1070, 4),
(674, 676, 'MARROM', 1100, 4),
(675, 677, 'BEGE', 1110, 4),
(676, 678, 'JEANS', 6000, 4),
(677, 679, 'BRANCA', 200, 6),
(678, 680, 'PRETO', 250, 6),
(679, 681, 'CINZA', 270, 6),
(680, 682, 'CAQUI', 300, 6),
(681, 683, 'CAQUI ESCURO', 310, 6),
(682, 684, 'CHUMBO', 350, 6),
(683, 685, 'AMARELO BEBE', 400, 6),
(684, 686, 'AMARELO OURO', 540, 6),
(685, 687, 'MOSTARDA', 470, 6),
(686, 688, 'ROSA', 500, 6),
(687, 689, 'ROSA BEBE', 510, 6),
(688, 690, 'PINK', 550, 6),
(689, 691, 'MANGENTA', 560, 6),
(690, 692, 'LILAS CLARO', 600, 6),
(691, 693, 'ROXO', 610, 6),
(692, 694, 'SALMAO', 700, 6),
(693, 695, 'TELHA', 710, 6),
(694, 696, 'LARANJA', 750, 6),
(695, 697, 'VERDE AGUA CLARO', 800, 6),
(696, 698, 'VERDE LIMAO', 801, 6),
(697, 699, 'VERDE BANDEIRA', 803, 6),
(698, 700, 'VERDE MUSGO', 804, 6),
(699, 701, 'VERDE MILITAR', 805, 6),
(700, 702, 'VERDE AGUA ESCURO', 810, 6),
(701, 703, 'AZUL BEBE', 900, 6),
(702, 704, 'AZUL PISCINA', 901, 6),
(703, 705, 'AZUL PETROLEO', 902, 6),
(704, 706, 'AZUL ROYAL', 903, 6),
(705, 707, 'AZUL MARINHO', 904, 6),
(706, 708, 'VERMELHO', 1000, 6),
(707, 709, 'BORDO', 1050, 6),
(708, 710, 'MELANCIA', 1070, 6),
(709, 711, 'MARROM', 1100, 6),
(710, 712, 'BEGE', 1110, 6),
(711, 713, 'JEANS', 6000, 6),
(712, 714, 'BORDO PINK EROSA CLARO', 38, 6),
(713, 715, 'BOIABA', 74, 6),
(714, 716, 'LILAS', 23, 6),
(715, 717, 'BRANCA', 1, 6),
(716, 718, 'AZUL ROYAL', 2, 6),
(717, 719, 'BORDO', 11, 6),
(718, 720, 'AMARELO CANARIO', 21, 6),
(719, 721, 'MARROM', 8, 6),
(720, 722, 'ROSA CLARO', 10, 6),
(721, 723, 'PINK', 13, 6),
(722, 724, 'BRANCO', 200, 4),
(723, 725, 'PRETO', 250, 4),
(724, 726, 'AMARELO OURO', 450, 4),
(725, 727, 'PINK', 550, 4),
(726, 728, 'LARANJA', 750, 4),
(727, 729, 'VERDE LIMAO', 801, 4),
(728, 730, 'VERDE BANDEIRA', 803, 4),
(729, 731, 'AZUL ROYAL', 803, 4),
(730, 732, 'VERMELHO', 1000, 4),
(731, 733, 'MARROM', 1100, 4),
(732, 734, 'BRANCA', 200, 6),
(733, 735, 'PRETO', 250, 6),
(734, 736, 'CINZA', 270, 6),
(735, 737, 'CAQUI', 300, 6),
(736, 738, 'CAQUI ESCURO', 310, 6),
(737, 739, 'CHUMBO', 350, 6),
(738, 740, 'AMARELO BEBE', 400, 6),
(739, 741, 'AMARELO OURO', 450, 6),
(740, 742, 'MOSTARDA', 470, 6),
(741, 743, 'ROSA', 500, 6),
(742, 744, NULL, NULL, NULL),
(743, 745, 'PINK', 550, 6),
(744, 746, 'MAGENTA', 560, 6),
(745, 747, 'LILAS CLARO', 600, 6),
(746, 748, 'ROXO', 610, 6),
(747, 749, 'SALMAO', 700, 6),
(748, 750, 'TELHA', 710, 6),
(749, 751, 'LARANJA', 750, 6),
(750, 752, 'VERDE AGUA CLARO', 800, 6),
(751, 753, 'VERDE LIMAO', 801, 6),
(752, 754, 'VERDE MANDEIRA', 803, 6),
(753, 755, 'VERDE MUSGO', 804, 6),
(754, 756, 'VERDE MILITAR', 805, 6),
(755, 757, 'VERDE AGUA ESCURO', 810, 6),
(756, 758, 'AZUL BEBE', 900, 6),
(757, 759, 'AZUL PISCINA', 901, 6),
(758, 760, 'AZUL PETROLEO', 902, 6),
(759, 761, 'AZUL ROYAL', 903, 6),
(760, 762, 'AZUL MARINHO', 904, 6),
(761, 763, 'VERMELHO', 1000, 6),
(762, 764, 'BORDO', 1050, 6),
(763, 765, 'MELANCIA', 1070, 6),
(764, 766, 'MARROM', 1100, 6),
(765, 767, 'BEGE', 1110, 6),
(766, 768, 'JEANS', 6000, 6),
(767, 769, 'BRANCA', 200, 6),
(768, 770, 'PRETO', 250, 6),
(769, 771, 'CINZA', 270, 6),
(770, 772, 'CAQUI', 300, 6),
(771, 773, 'CAQUI ESCURO', 310, 6),
(772, 774, 'CHUMBO', 350, 6),
(773, 775, 'AMARELO BEBE', 400, 6),
(774, 776, 'AMARELO OURO', 450, 6),
(775, 777, 'MOSTARDA', 470, 6),
(776, 778, 'ROSA', 500, 6),
(777, 779, 'ROSA BEBE', 510, 6),
(778, 780, 'PINK', 550, 6),
(779, 781, 'MANGENTA', 560, 6),
(780, 782, 'LILAS CLARO', 600, 6),
(781, 783, 'ROXO', 610, 6),
(782, 784, 'SALMAO', 700, 6),
(783, 785, 'TELHA', 710, 6),
(784, 786, 'LARANJA', 750, 6),
(785, 787, 'VERDE AGUA CLARO', 800, 6),
(786, 788, 'VERDE LIMAO', 801, 6),
(787, 789, 'VERDE BANDEIRA', 803, 6),
(788, 790, 'VERDE MUSGO', 803, 6),
(789, 791, 'VERDE MILITAR', 805, 6),
(790, 792, 'VERDE AGUA ESCURO', 810, 6),
(791, 793, 'AZUL BEBE', 900, 6),
(792, 794, 'AZUL PISCINA', 901, 6),
(793, 795, 'AZUL PETROLEO', 902, 6),
(794, 796, 'AZUL ROYAL', 903, 6),
(795, 797, 'VERMELHO', 1000, 6),
(796, 798, 'BORDO', 1050, 6),
(797, 799, 'MELANCIA', 1070, 6),
(798, 800, 'MARROM', 1100, 6),
(799, 801, 'BEGE', 1110, 6),
(800, 802, 'JEANS', 6000, 6),
(801, 804, 'CRU', 170, 6),
(802, 805, 'CRU', 170, 6),
(803, 806, 'CRU', 850, 4),
(804, 807, 'CRU', 850, 6),
(805, 808, 'CRU', 850, 8),
(806, 809, 'BRANCA', 1, 6),
(807, 810, 'AZUL ROYAL', 2, 6),
(808, 811, 'CINZA', 4, 6),
(809, 812, 'PRETO', 5, 6),
(810, 813, 'VERMELHO', 6, 6),
(811, 814, 'VERMELHO', 8, 6),
(812, 815, NULL, 10, NULL),
(813, 816, 'BORDO', 11, 6),
(814, 817, 'AMARELO CLARO', 12, 6),
(815, 818, 'PINK', 13, 6),
(816, 819, 'AZUL  CLARO', 18, 6),
(817, 820, 'VERDE AGUA', 19, 6),
(818, 821, 'AZUL TURQUESA', 20, 6),
(819, 822, 'AMARELO OURO', 21, 6),
(820, 823, 'VERDE ABACATE', 22, 6),
(821, 824, 'LILAS', 23, 6),
(822, 825, 'CENOURA', 24, 6),
(823, 826, 'ROXO', 29, 6),
(824, 827, 'VERDE BANDEIRA', 42, 6),
(825, 828, 'MARROM CLARO', 109, 6),
(826, 829, 'BERINJELA', 112, 6),
(827, 830, 'VERDE JADE', 113, 6),
(828, 831, 'BRANCA', 1, 4),
(829, 832, 'AZUL ROYAL', 2, 4),
(830, 833, 'PALHA CLARO', 3, 4),
(831, 834, 'CINZA', 4, 4),
(832, 835, 'PRETO', 5, 4),
(833, 836, 'MARROM', 8, 4),
(834, 837, 'ROSA CLARO', 10, 4),
(835, 838, 'CENOURA', 24, 4),
(836, 839, 'LARANJA', 25, 4),
(837, 840, 'VERDE OLIVA', 27, 4),
(838, 841, 'VINHO', 28, 4),
(839, 842, 'ROXO', 29, 4),
(840, 843, 'TURQUESA', 21, 2),
(841, 844, 'PRETO', 15, 2),
(842, 845, 'VERDE PISTACHE', 64, 2),
(843, 846, 'BEGE', 16, 2),
(844, 847, 'VERMELHO SANGUE', 22, 2),
(845, 848, 'VERMELHO RUBI', 61, 2),
(846, 849, 'ROXO', 106, 2),
(847, 850, 'VERDE LIMAO', 105, 2),
(848, 851, 'MARROM', 17, 2),
(849, 852, 'VERDE BANDEIRA', 50, 2),
(850, 853, 'ROSA BEBE', 5, 2),
(851, 854, 'VERDE AGUA', 10, 2),
(852, 855, 'AMARELO PRATA', 57, 2),
(853, 856, 'VERDE PRATA', 85, 2),
(854, 857, 'VERMELHO PRATA', 56, 2),
(855, 858, 'VERMELHO OURO', 46, 2),
(856, 859, 'TUTTI FRUTI PRATA', 88, 2),
(857, 860, 'VERMELHO RUBI PRATA', 87, 2),
(858, 861, 'BRANCA OURO', 41, 2),
(859, 862, 'PRETO OURO', 45, 2),
(860, 863, 'AZULAO PRATA', 83, 2),
(861, 864, 'VERMELHO PRATA', 65, 6),
(862, 865, 'CRU OURO', 60, 6),
(863, 866, 'CRU COM PRATA', 59, 6),
(864, 867, 'MARROM CLARO PRATA', 107, 6),
(865, 868, 'VERDE ABACATE PRATA', 76, 6),
(866, 869, 'CRU COM PRATA', 59, 6),
(867, 870, 'CENOURA PRATA', 95, 4),
(868, 871, 'AMARELO PRATA', 105, 4);

-- --------------------------------------------------------

--
-- Estrutura da tabela `tipos_produtos`
--

CREATE TABLE `tipos_produtos` (
  `id` int(11) NOT NULL,
  `st_descricao` varchar(80) NOT NULL,
  `ch_informacao_adicionais` varchar(1) NOT NULL
) ENGINE=InnoDB DEFAULT CHARSET=latin1;

--
-- Extraindo dados da tabela `tipos_produtos`
--

INSERT INTO `tipos_produtos` (`id`, `st_descricao`, `ch_informacao_adicionais`) VALUES
(6, 'LINHA', 'S'),
(7, 'BARBANTE', 'S'),
(8, 'TINTA', 'S'),
(9, 'MALHA', 'N'),
(10, 'LAS', 'N'),
(11, 'COLA', 'N'),
(12, 'VERNIZ', 'S'),
(13, 'OLEO', 'S'),
(14, 'AGULHA', 'S'),
(15, 'MASSA', 'N'),
(16, 'FITA', 'N'),
(17, 'SUPREMO COLORIDO', 'S');

-- --------------------------------------------------------

--
-- Estrutura da tabela `vendas`
--

CREATE TABLE `vendas` (
  `id` int(11) NOT NULL,
  `dt_venda` date NOT NULL,
  `vl_venda_valor_total` decimal(10,2) DEFAULT NULL,
  `st_situacao` varchar(2) NOT NULL DEFAULT 'NC',
  `st_pagamento` varchar(2) NOT NULL DEFAULT 'NP'
) ENGINE=InnoDB DEFAULT CHARSET=latin1;

-- --------------------------------------------------------

--
-- Estrutura da tabela `vendas_produtos`
--

CREATE TABLE `vendas_produtos` (
  `id` int(11) NOT NULL,
  `produto_id` int(11) NOT NULL,
  `venda_id` int(11) NOT NULL,
  `nr_quantidade_venda` int(11) NOT NULL,
  `vl_item_venda` decimal(10,2) NOT NULL
) ENGINE=InnoDB DEFAULT CHARSET=latin1;

--
-- Indexes for dumped tables
--

--
-- Indexes for table `codigos_barras_produtos`
--
ALTER TABLE `codigos_barras_produtos`
  ADD PRIMARY KEY (`id`),
  ADD KEY `FK_CODIGOS_BARRAS_PRODUTOS` (`produto_id`);

--
-- Indexes for table `estoques`
--
ALTER TABLE `estoques`
  ADD PRIMARY KEY (`id`),
  ADD KEY `fk_produtos_estoques` (`produto_id`);

--
-- Indexes for table `itens_notas`
--
ALTER TABLE `itens_notas`
  ADD PRIMARY KEY (`id`),
  ADD KEY `fk_notas_fiscais_itens_notas` (`nota_id`),
  ADD KEY `fk_produtos_itens_notas` (`produto_id`);

--
-- Indexes for table `marcas`
--
ALTER TABLE `marcas`
  ADD PRIMARY KEY (`id`);

--
-- Indexes for table `notas_fiscais`
--
ALTER TABLE `notas_fiscais`
  ADD PRIMARY KEY (`id`);

--
-- Indexes for table `nr_notas_vendas`
--
ALTER TABLE `nr_notas_vendas`
  ADD PRIMARY KEY (`id`),
  ADD KEY `FK_NR_NOTA_VENDA` (`venda_id`);

--
-- Indexes for table `produtos`
--
ALTER TABLE `produtos`
  ADD PRIMARY KEY (`id`),
  ADD KEY `fk_marcas_produtos` (`marca_id`),
  ADD KEY `fk_tipo_produtos_produtos` (`tipo_produto_id`);

--
-- Indexes for table `produtos_informacoes_adicionais`
--
ALTER TABLE `produtos_informacoes_adicionais`
  ADD PRIMARY KEY (`id`),
  ADD KEY `fk_produtos_produtos_inf_add` (`produto_id`);

--
-- Indexes for table `tipos_produtos`
--
ALTER TABLE `tipos_produtos`
  ADD PRIMARY KEY (`id`);

--
-- Indexes for table `vendas`
--
ALTER TABLE `vendas`
  ADD PRIMARY KEY (`id`);

--
-- Indexes for table `vendas_produtos`
--
ALTER TABLE `vendas_produtos`
  ADD PRIMARY KEY (`id`),
  ADD KEY `fk_vendas_prdutos` (`produto_id`),
  ADD KEY `fk_vendas_vendas` (`venda_id`);

--
-- AUTO_INCREMENT for dumped tables
--

--
-- AUTO_INCREMENT for table `codigos_barras_produtos`
--
ALTER TABLE `codigos_barras_produtos`
  MODIFY `id` int(11) NOT NULL AUTO_INCREMENT, AUTO_INCREMENT=325;

--
-- AUTO_INCREMENT for table `estoques`
--
ALTER TABLE `estoques`
  MODIFY `id` int(11) NOT NULL AUTO_INCREMENT;

--
-- AUTO_INCREMENT for table `itens_notas`
--
ALTER TABLE `itens_notas`
  MODIFY `id` int(11) NOT NULL AUTO_INCREMENT;

--
-- AUTO_INCREMENT for table `marcas`
--
ALTER TABLE `marcas`
  MODIFY `id` int(11) NOT NULL AUTO_INCREMENT, AUTO_INCREMENT=18;

--
-- AUTO_INCREMENT for table `notas_fiscais`
--
ALTER TABLE `notas_fiscais`
  MODIFY `id` int(11) NOT NULL AUTO_INCREMENT, AUTO_INCREMENT=94;

--
-- AUTO_INCREMENT for table `nr_notas_vendas`
--
ALTER TABLE `nr_notas_vendas`
  MODIFY `id` int(11) NOT NULL AUTO_INCREMENT;

--
-- AUTO_INCREMENT for table `produtos`
--
ALTER TABLE `produtos`
  MODIFY `id` int(11) NOT NULL AUTO_INCREMENT, AUTO_INCREMENT=872;

--
-- AUTO_INCREMENT for table `produtos_informacoes_adicionais`
--
ALTER TABLE `produtos_informacoes_adicionais`
  MODIFY `id` int(11) NOT NULL AUTO_INCREMENT, AUTO_INCREMENT=869;

--
-- AUTO_INCREMENT for table `tipos_produtos`
--
ALTER TABLE `tipos_produtos`
  MODIFY `id` int(11) NOT NULL AUTO_INCREMENT, AUTO_INCREMENT=18;

--
-- AUTO_INCREMENT for table `vendas`
--
ALTER TABLE `vendas`
  MODIFY `id` int(11) NOT NULL AUTO_INCREMENT;

--
-- AUTO_INCREMENT for table `vendas_produtos`
--
ALTER TABLE `vendas_produtos`
  MODIFY `id` int(11) NOT NULL AUTO_INCREMENT;

--
-- Constraints for dumped tables
--

--
-- Limitadores para a tabela `codigos_barras_produtos`
--
ALTER TABLE `codigos_barras_produtos`
  ADD CONSTRAINT `FK_CODIGOS_BARRAS_PRODUTOS` FOREIGN KEY (`produto_id`) REFERENCES `produtos` (`id`);

--
-- Limitadores para a tabela `estoques`
--
ALTER TABLE `estoques`
  ADD CONSTRAINT `fk_produtos_estoques` FOREIGN KEY (`produto_id`) REFERENCES `produtos` (`id`);

--
-- Limitadores para a tabela `itens_notas`
--
ALTER TABLE `itens_notas`
  ADD CONSTRAINT `fk_notas_fiscais_itens_notas` FOREIGN KEY (`nota_id`) REFERENCES `notas_fiscais` (`id`),
  ADD CONSTRAINT `fk_produtos_itens_notas` FOREIGN KEY (`produto_id`) REFERENCES `produtos` (`id`);

--
-- Limitadores para a tabela `nr_notas_vendas`
--
ALTER TABLE `nr_notas_vendas`
  ADD CONSTRAINT `FK_NR_NOTA_VENDA` FOREIGN KEY (`venda_id`) REFERENCES `vendas` (`id`);

--
-- Limitadores para a tabela `produtos`
--
ALTER TABLE `produtos`
  ADD CONSTRAINT `fk_marcas_produtos` FOREIGN KEY (`marca_id`) REFERENCES `marcas` (`id`),
  ADD CONSTRAINT `fk_tipo_produtos_produtos` FOREIGN KEY (`tipo_produto_id`) REFERENCES `tipos_produtos` (`id`);

--
-- Limitadores para a tabela `produtos_informacoes_adicionais`
--
ALTER TABLE `produtos_informacoes_adicionais`
  ADD CONSTRAINT `fk_produtos_produtos_inf_add` FOREIGN KEY (`produto_id`) REFERENCES `produtos` (`id`);

--
-- Limitadores para a tabela `vendas_produtos`
--
ALTER TABLE `vendas_produtos`
  ADD CONSTRAINT `fk_vendas_prdutos` FOREIGN KEY (`produto_id`) REFERENCES `produtos` (`id`),
  ADD CONSTRAINT `fk_vendas_vendas` FOREIGN KEY (`venda_id`) REFERENCES `vendas` (`id`);
COMMIT;

/*!40101 SET CHARACTER_SET_CLIENT=@OLD_CHARACTER_SET_CLIENT */;
/*!40101 SET CHARACTER_SET_RESULTS=@OLD_CHARACTER_SET_RESULTS */;
/*!40101 SET COLLATION_CONNECTION=@OLD_COLLATION_CONNECTION */;
